video_id,url,category,published_at,current_title,current_title_len,suggested_title,suggested_title_len,suggested_description,rationale
HasOycW2_N0,https://www.youtube.com/watch?v=HasOycW2_N0,system-design,2026-06-06T05:24:23Z,"Capacity planning, network and storage math for System Design Interviews",72,Capacity Planning Math | System Design Interview Prep,53,"Capacity planning math can make or break a system design interview. Learn the network, storage, and traffic estimates interviewers expect.

This guide focuses on practical back-of-the-envelope calculations behind scalable systems: requests per second, bandwidth, storage growth, and capacity tradeoffs. If you are preparing for FAANG/MAANG system design rounds, use this to turn vague architecture diagrams into measurable design decisions.

Subscribe to Destination FAANG and practice these estimates before your next mock interview.

#SystemDesign #CapacityPlanning #TechInterview #FAANG #SoftwareEngineering",Shortened the title and front-loaded “Capacity Planning Math” while adding system design interview keywords.
XS5S_Y_uYkg,https://www.youtube.com/watch?v=XS5S_Y_uYkg,system-design,2026-05-27T17:16:11Z,"System Design 101: Scalability, Latency, and Throughput Explained",65,"Scalability, Latency & Throughput | System Design 101",53,"Scalability, latency, and throughput are the core system design basics every interview candidate must explain clearly.

This System Design 101 lesson breaks down the fundamentals behind high-scale applications and shows how these concepts connect in real interview discussions. You will learn the vocabulary and tradeoffs needed for FAANG/MAANG prep, from performance bottlenecks to designing systems that handle growth.

Subscribe to Destination FAANG and keep building your system design foundation.

#SystemDesign #Scalability #TechInterview #FAANG #SoftwareEngineering",Kept the main concepts at the front and positioned the video as searchable System Design 101 prep.
M2H61M1iq2E,https://www.youtube.com/watch?v=M2H61M1iq2E,system-design,2026-02-16T02:43:09Z,Design Instagram: The 6-Step Framework for System Design Interviews,67,Design Instagram | 6-Step System Design Framework,49,"Design Instagram using a repeatable 6-step system design framework instead of memorizing architecture diagrams.

This walkthrough teaches the process behind a strong interview answer: clarifying requirements, defining APIs and data, reasoning about scale, and making practical architecture tradeoffs. It is built for candidates preparing for FAANG/MAANG system design interviews who want a structured way to tackle large product design questions.

Subscribe to Destination FAANG and practice the framework on your next design problem.

#SystemDesign #DesignInstagram #TechInterview #FAANG #SoftwareEngineering",Front-loaded “Design Instagram” and emphasized the framework benefit for system design search intent.
bN6aUUAQETo,https://www.youtube.com/watch?v=bN6aUUAQETo,misc,2026-01-22T06:00:27Z,A big thankyou to all of you. 50K Subs - Let's GOOOO.,53,50K Subscribers Thank You | Destination FAANG Update,52,"50K subscribers is a huge milestone for Destination FAANG. Thank you for supporting the DSA, system design, and tech interview prep journey.

This quick channel update is a thank-you note to everyone learning with the community and following along with the upcoming system design content. If you are preparing for coding interviews, LeetCode practice, career growth, or FAANG/MAANG interview rounds, this channel is built for you.

Subscribe and keep practicing with Destination FAANG.

#DestinationFAANG #TechInterview #CodingInterview #SystemDesign #FAANG",Reframed a casual milestone title into a searchable channel update with interview-prep keywords.
WerKAsw-b3k,https://www.youtube.com/watch?v=WerKAsw-b3k,system-design,2025-12-18T03:18:27Z,"What is system design, and how to master it.",44,System Design Interview Roadmap | Module 0,42,"System design interview prep starts with the right roadmap. Learn what interviewers look for before databases and load balancers.

This Module 0 orientation explains how to approach system design strategically, how to stand out in FAANG-style interviews, and how to think through design problems with structure. Use it as the starting point for the full system design course and your long-term interview preparation plan.

Subscribe to Destination FAANG and follow the course step by step.

#SystemDesign #TechInterview #FAANG #SoftwareEngineering #CareerPrep",Moved the high-intent “System Design Interview Roadmap” keyword to the front and clarified the course module angle.
-ts18uRa8lU,https://www.youtube.com/watch?v=-ts18uRa8lU,misc,2025-11-23T07:00:03Z,Tech Mahindra Interview Experience – Selected,45,Tech Mahindra Interview Experience | Selected,45,"Tech Mahindra interview experience from a selected Solutions Architect candidate, including practical lessons for interview preparation.

In this video, you will hear how the interview process felt, what kind of preparation mattered, and what candidates can learn from a real selection story. It is useful for software engineers, architects, and tech professionals preparing for client-facing or solution-focused interviews.

Subscribe to Destination FAANG for more interview experiences and career prep.

#InterviewExperience #TechMahindra #TechInterview #CareerAdvice #SoftwareEngineering",Front-loaded the company interview keyword and removed vague phrasing while preserving the selected outcome.
6Oy41wO0gE0,https://www.youtube.com/watch?v=6Oy41wO0gE0,system-design,2025-10-21T15:42:44Z,Launching the Ultimate System Design Course. 🚀🚀,47,System Design Mega Course | 100-Video Roadmap,45,"System Design Mega Course gives you a 100-video roadmap to prepare for system design interviews in 2025.

This launch video explains what the course covers, how the roadmap is organized, and how to use the series to build interview-ready system design skills. It is aimed at candidates who want a complete path through fundamentals, architecture tradeoffs, scalability, databases, caching, and real design problems for FAANG/MAANG prep.

Subscribe to Destination FAANG and follow the full system design roadmap.

#SystemDesign #TechInterview #FAANG #SoftwareEngineering #InterviewPrep",Converted the launch announcement into a keyword-first course roadmap title with clear search intent.
ByXPzwnsEG8,https://www.youtube.com/watch?v=ByXPzwnsEG8,dsa,2025-10-06T18:53:35Z,Complete DSA Course – 50 hours to master technical interviews (Part 5),70,"Complete DSA Course Part 5 | Math, Matrix & Design",50,"Complete DSA Course Part 5 covers advanced math, geometry, matrix problems, and design-style coding interview topics.

This section of the 50-hour DSA course helps you strengthen less-obvious but high-value problem patterns for technical interviews. You will review how to approach advanced LeetCode-style questions, reason about constraints, and build confidence for FAANG/MAANG coding rounds.

Subscribe to Destination FAANG and keep practicing the full DSA roadmap.

#DSA #LeetCode #CodingInterview #FAANG #DataStructures",Shortened the long course title and surfaced the Part 5 topics candidates search for.
MgHNwixPBs4,https://www.youtube.com/watch?v=MgHNwixPBs4,dsa,2025-10-04T17:41:33Z,Complete DSA Course – 50 hours to master technical interviews (Part 4),70,"Complete DSA Course Part 4 | DP, Greedy & Backtracking",54,"Complete DSA Course Part 4 teaches dynamic programming, greedy algorithms, interval problems, and backtracking for interviews.

This part of the 50-hour DSA roadmap focuses on problem-solving patterns that appear often in LeetCode and FAANG/MAANG coding rounds. You will learn how to recognize the right technique, structure your solution, and practice advanced patterns with clearer intuition.

Subscribe to Destination FAANG and continue the DSA course series.

#DSA #DynamicProgramming #LeetCode #CodingInterview #FAANG","Front-loaded the DSA course part and added the strongest searchable techniques: DP, Greedy, and Backtracking."
c6XB4qq04n8,https://www.youtube.com/watch?v=c6XB4qq04n8,dsa,2025-10-01T18:29:56Z,Complete DSA Course – 50 hours to master technical interviews (Part 3),70,"Complete DSA Course Part 3 | Trees, Tries & Graphs",50,"Complete DSA Course Part 3 focuses on trees, tries, and graphs for technical interview preparation.

These data structures power many of the most common LeetCode and FAANG-style coding questions. In this section, you will build stronger intuition for traversal, graph reasoning, tree patterns, and how to explain solutions clearly in an interview.

Subscribe to Destination FAANG and practice the full DSA roadmap step by step.

#DSA #Trees #Graphs #LeetCode #CodingInterview #FAANG","Replaced the generic course title with a topic-rich version targeting trees, tries, and graphs queries."
bsgmEfNJx64,https://www.youtube.com/watch?v=bsgmEfNJx64,dsa,2025-09-29T14:49:02Z,Complete DSA Course – 50 hours to master technical interviews (Part 2),70,"Complete DSA Course Part 2 | Lists, Stacks & Heaps",50,"Complete DSA Course Part 2 covers linked lists, stacks, queues, priority queues, and heaps for coding interviews.

This section of the 50-hour DSA roadmap helps you master core data structures used across LeetCode problems and technical interviews. Learn the patterns, implementation details, and reasoning needed to solve interview questions efficiently and explain your approach with confidence.

Subscribe to Destination FAANG and keep building your DSA foundation.

#DSA #LeetCode #CodingInterview #DataStructures #FAANG",Made the title shorter and searchable by naming the exact data structures covered in Part 2.
hwpNzen0z0w,https://www.youtube.com/watch?v=hwpNzen0z0w,dsa,2025-09-27T15:48:20Z,Complete DSA course - 50 hours to master technical interviews,61,Complete DSA Course Part 1 | Arrays & Sliding Window,52,"Complete DSA Course Part 1 starts with arrays, strings, time complexity, sliding window, and two pointers.

This first section of the 50-hour DSA roadmap is built for technical interview prep from the ground up. You will learn the foundations of problem solving, how to analyze time and space complexity, and how to recognize common LeetCode patterns used in FAANG/MAANG coding rounds.

Subscribe to Destination FAANG and practice the full DSA course.

#DSA #Arrays #LeetCode #CodingInterview #FAANG",Added Part 1 and high-volume pattern keywords so the title is clearer in search and playlists.
kZAdzQlkpk4,https://www.youtube.com/watch?v=kZAdzQlkpk4,dsa,2025-09-13T02:51:04Z,Queue full course for technical interviews,42,Queue Full Course | DSA Interview Prep,38,"Queue Full Course for DSA interview prep, covering how queues work and when to use them in coding problems.

This lesson explains queue fundamentals, queue vs stack intuition, and the essential patterns that show up in technical interviews. It is designed for beginners and interview candidates who want to master data structures for LeetCode, FAANG/MAANG prep, and real coding rounds.

Subscribe to Destination FAANG and practice queue problems after watching.

#DSA #Queue #DataStructures #CodingInterview #LeetCode",Front-loaded “Queue Full Course” and added DSA interview prep terms for stronger discoverability.
oVuzg2AJYos,https://www.youtube.com/watch?v=oVuzg2AJYos,dsa,2025-09-11T03:00:54Z,Dota2 Senate: 649 - Apple interview question,44,Dota2 Senate | LeetCode 649 (Medium) Queue Explained,52,"Dota2 Senate LeetCode 649 is a medium queue simulation problem that tests clean interview reasoning.

In this explanation, you will learn how to model the senate process, use queues to track turns, and avoid overcomplicating the solution. This is useful for LeetCode practice, Apple-style interview prep from the original title, and mastering queue patterns for FAANG/MAANG coding rounds.

Subscribe to Destination FAANG and practice the pattern with similar queue problems.

#LeetCode #Queue #CodingInterview #DSA #FAANG",Used the standard LeetCode title format and added the queue simulation technique keyword.
pe8TZuVeffQ,https://www.youtube.com/watch?v=pe8TZuVeffQ,dsa,2025-09-08T06:00:43Z,"Open the Lock: 752 - Meta, Google interview question",52,Open The Lock | LeetCode 752 (Medium) BFS Explained,51,"Open The Lock LeetCode 752 is a classic BFS problem for graph-style coding interviews.

This explanation shows how to think of lock combinations as states, explore moves level by level, and avoid revisiting the same combinations. Use it to strengthen breadth-first search, shortest-path intuition, and Meta/Google-style LeetCode interview prep without memorizing solutions.

Subscribe to Destination FAANG and practice more BFS problems.

#LeetCode #BFS #CodingInterview #DSA #FAANG",Front-loaded the problem name and added “BFS” as the primary technique candidates search for.
-MsZSmFGS4E,https://www.youtube.com/watch?v=-MsZSmFGS4E,dsa,2025-09-07T02:00:01Z,Design Circular Queue: 622 - FAANG interview question,53,Design Circular Queue | LeetCode 622 (Medium),45,"Design Circular Queue LeetCode 622 is a medium design problem that tests array indexing and queue fundamentals.

This walkthrough explains how to implement a fixed-size circular queue, manage front and rear pointers, and reason about full and empty states. It is a practical DSA design question for FAANG-style coding interviews and a strong way to deepen queue implementation skills.

Subscribe to Destination FAANG and practice more queue design problems.

#LeetCode #Queue #DataStructures #CodingInterview #FAANG",Converted the title to the expected LeetCode format and highlighted circular queue implementation intent.
HC6nEzSqq5o,https://www.youtube.com/watch?v=HC6nEzSqq5o,dsa,2025-09-04T01:30:23Z,Implement Stack using Queues: 225 - google interview question,61,Implement Stack Using Queues | LeetCode 225 (Easy),50,"Implement Stack Using Queues LeetCode 225 is an easy data structure design problem for interview prep.

This explanation shows how queue operations can simulate stack behavior and why understanding push, pop, top, and empty operations matters. It is great practice for beginners learning stacks and queues, plus candidates preparing for Google-style or FAANG/MAANG coding interviews.

Subscribe to Destination FAANG and practice the reverse problem next.

#LeetCode #Stack #Queue #CodingInterview #DSA",Standardized the title with problem number and difficulty while keeping the stack/queue keywords up front.
Qb4CjVNgvUQ,https://www.youtube.com/watch?v=Qb4CjVNgvUQ,dsa,2025-09-03T05:00:33Z,Implement Queue using Stacks: 232 - google interview question,61,Implement Queue Using Stacks | LeetCode 232 (Easy),50,"Implement Queue Using Stacks LeetCode 232 is an easy design problem that builds stack and queue intuition.

This walkthrough explains how to simulate FIFO behavior using stacks, why two-stack solutions work, and how to describe the operations in an interview. Use it for LeetCode practice, Google-style coding prep from the original title, and stronger data structure fundamentals.

Subscribe to Destination FAANG and keep practicing core DSA patterns.

#LeetCode #Stack #Queue #CodingInterview #DSA",Put the exact LeetCode problem name first and added the two-stack queue concept for search relevance.
9qP3yEHL-Gk,https://www.youtube.com/watch?v=9qP3yEHL-Gk,dsa,2025-08-30T01:42:01Z,"Algorithm, time complexity and space complexity - Explained",59,Time & Space Complexity Explained | Algorithms Basics,53,"Time and space complexity explained in a beginner-friendly way for algorithms, DSA, and coding interviews.

This video breaks down how to evaluate algorithm efficiency, why Big O matters, and how to discuss complexity clearly during technical interviews. It is ideal for new programmers, LeetCode beginners, and anyone building the foundation needed for FAANG/MAANG interview prep.

Subscribe to Destination FAANG and apply complexity analysis to every problem you solve.

#Algorithms #BigO #DSA #CodingInterview #LeetCode",Reordered the title around the highest-value search phrase “Time & Space Complexity Explained.”
yWVxS7Da4hc,https://www.youtube.com/watch?v=yWVxS7Da4hc,misc,2025-06-29T22:38:41Z,"25,000 Subscribers – Thank you for all the support.",51,25K Subscribers Thank You | Destination FAANG Update,52,"25K subscribers is a special milestone for Destination FAANG. Thank you for supporting the coding interview prep community.

This video is a short appreciation message for everyone watching, practicing, commenting, and growing with the channel. If you are here for DSA, LeetCode, system design, resume advice, or FAANG/MAANG career prep, this milestone belongs to the community.

Subscribe and keep learning with Destination FAANG.

#DestinationFAANG #CodingInterview #TechInterview #LeetCode #FAANG",Made the milestone title cleaner and added channel/topic keywords without overpromising content.
AM_PIK6UkEY,https://www.youtube.com/watch?v=AM_PIK6UkEY,behavioral,2025-05-25T16:50:03Z,Why you're not getting interviews - resume mistakes to AVOID,60,Resume Mistakes To Avoid | Get More Tech Interviews,51,"Resume mistakes can stop you from getting tech interviews even when you have the right skills. Learn what to avoid and how to improve.

This video covers common resume problems, ATS-friendly resume tips, and practical ways to present your experience more clearly for software roles. It is built for developers, students, and job seekers trying to get more interview calls in a competitive tech market.

Subscribe to Destination FAANG and improve your resume before your next application.

#ResumeTips #TechInterview #CareerAdvice #SoftwareEngineer #FAANG",Front-loaded the high-intent “Resume Mistakes” keyword and added the benefit “Get More Tech Interviews.”
5tAzl4XDiUw,https://www.youtube.com/watch?v=5tAzl4XDiUw,misc,2025-05-18T22:35:53Z,I Built iPhone-Zoom with Just Python 🤯,38,Python Webcam Zoom | OpenCV & MediaPipe Gesture Control,55,"Python webcam zoom with OpenCV and MediaPipe shows how gesture control can turn a PC webcam into an iPhone-style zoom demo.

This project walkthrough explains the idea behind detecting gestures and using computer vision to control zoom behavior. It is useful for developers who want a practical Python project, OpenCV inspiration, or a fun portfolio demo connected to real-time video processing.

Subscribe to Destination FAANG and build more hands-on coding projects.

#Python #OpenCV #MediaPipe #ComputerVision #CodingProject","Replaced the curiosity-only title with searchable Python, OpenCV, and MediaPipe project keywords."
53A-BrxWuLU,https://www.youtube.com/watch?v=53A-BrxWuLU,dsa,2025-05-14T05:30:03Z,"Microsoft laid off 7,000 - how I survived it 2 years ago",56,Microsoft Layoff Story | Career Lessons for Engineers,53,"Microsoft layoff story with practical career lessons for software engineers navigating uncertainty in tech.

In this video, the creator reflects on a past layoff experience and connects it to recent Microsoft workforce news mentioned in the original description. The focus is on resilience, career planning, interview readiness, and how engineers can keep moving forward after difficult job-market moments.

Subscribe to Destination FAANG for career advice and tech interview prep.

#CareerAdvice #Microsoft #TechJobs #SoftwareEngineer #InterviewPrep",Shifted from a news-style title to a durable career-focused keyword phrase while preserving the layoff context.
B_plqNN0sRY,https://www.youtube.com/watch?v=B_plqNN0sRY,misc,2025-05-12T03:11:46Z,How to pass 95% of all Interview - Not a Clickbait,50,How To Pass Interviews | 3 Practical Tech Interview Tips,56,"How to pass interviews faster with three practical tech interview tips that can improve your preparation and performance.

This video shares actionable advice for candidates who want to clear interview rounds more confidently, communicate better, and avoid common mistakes. It is aimed at software developers, students, and job seekers preparing for technical, behavioral, and FAANG/MAANG-style interviews.

Subscribe to Destination FAANG and apply one tip in your next mock interview.

#TechInterview #InterviewTips #CareerAdvice #FAANG #SoftwareEngineer",Removed the clickbait phrase and made the benefit and number of tips clear for search and CTR.
TmwNYvK2j90,https://www.youtube.com/watch?v=TmwNYvK2j90,misc,2025-04-26T04:15:02Z,Lawyer learns to code - gets job at Google as developer,55,Lawyer To Google Developer | Career Change Interview,52,"Lawyer to Google developer is a career-change story for anyone trying to break into tech from a non-traditional path.

In this interview, Zubin Pratap shares how he moved from a legal career in Australia into software development and eventually Google, based on the original description. Watch for lessons on self-learning, persistence, coding practice, and planning a realistic developer career transition.

Subscribe to Destination FAANG for more tech career stories and interview prep.

#CareerChange #Google #SoftwareDeveloper #TechJobs #InterviewPrep",Front-loaded the strongest story hook and added searchable career-change and Google developer keywords.
NIqTEUeBXGE,https://www.youtube.com/watch?v=NIqTEUeBXGE,dsa,2025-04-23T06:40:59Z,Recursion Full Course for technical interviews,46,Recursion Full Course | DSA Interview Prep,42,"Recursion Full Course for DSA interview prep, from basic intuition to recognizing recursive problem patterns.

This comprehensive lesson covers real-life recursion examples, how to identify when recursion fits, and how to reason through recursive solutions in technical interviews. It is useful for beginners, LeetCode learners, and FAANG/MAANG candidates who want recursion to feel less abstract.

Subscribe to Destination FAANG and practice recursion problems after watching.

#Recursion #DSA #LeetCode #CodingInterview #FAANG",Kept the core course keyword first and added the DSA interview prep context for search visibility.
_B3VmhgafWw,https://www.youtube.com/watch?v=_B3VmhgafWw,dsa,2025-04-22T06:19:49Z,Explaining Recursion to a 5 year old.,37,Recursion Explained Simply | For Beginners,42,"Recursion explained simply for beginners using everyday objects and an intuitive teaching style.

This video is designed to make a complex programming concept easier to understand before you jump into LeetCode or technical interview problems. If recursion feels confusing, start here to build the mental model for base cases, repeated calls, and recursive thinking.

Subscribe to Destination FAANG and continue with the full recursion course when ready.

#Recursion #Programming #DSA #CodingInterview #Beginners",Changed the playful title into a beginner-focused search phrase while keeping the simple-explanation promise.
RwkGe1EMNlo,https://www.youtube.com/watch?v=RwkGe1EMNlo,misc,2025-04-07T13:09:28Z,30 years of Recruiter wisdom in 90 minutes,42,Recruiter Advice For Tech Jobs | 30 Years Of Hiring Wisdom,58,"Recruiter advice for tech jobs from a hiring professional with 30 years of recruiting experience.

This interview-style guide focuses on what candidates should understand about hiring, job applications, interviews, and standing out in a competitive market. It is useful for developers, students, and career switchers who want a clearer view of how recruiters think and what improves your chances.

Subscribe to Destination FAANG for more career interviews and job-search strategy.

#RecruiterAdvice #TechJobs #CareerAdvice #InterviewPrep #SoftwareEngineer",Moved the search phrase “Recruiter Advice For Tech Jobs” to the front and made the 30-year hook more credible.
G-K8Qn37OAc,https://www.youtube.com/watch?v=G-K8Qn37OAc,misc,2025-04-04T05:54:57Z,We ended the Scam – Codemonk Academy Shut Down.!,48,Codemonk Academy Shut Down | Follow-Up Update,45,"Codemonk Academy shut down after the creator’s previous warning video, based on the update shared in this follow-up.

This video explains the situation, what changed after the earlier exposure, and why students should be cautious when buying tech education content online. The focus is on protecting learners, understanding unauthorized course use, and staying alert in the coding education space.

Subscribe to Destination FAANG for honest tech education and interview prep.

#CodemonkAcademy #StudentAwareness #TechEducation #Coding #CareerAdvice",Turned the sensational phrasing into a clear follow-up update with the main entity keyword first.
yDe4O-zEC9o,https://www.youtube.com/watch?v=yDe4O-zEC9o,behavioral,2025-04-03T18:18:28Z,"Technical interview tips, resume reviews, career booster -  live",64,Tech Interview Tips Live | Resume Reviews & Career Q&A,54,"Tech interview tips live with resume reviews, career questions, and practical advice for getting more interviews.

This session focuses on job-search strategy, clearing technical rounds, improving your resume, and staying motivated in a difficult market. It is useful for students, new grads, and software developers preparing for coding interviews, behavioral rounds, and FAANG/MAANG-style opportunities.

Subscribe to Destination FAANG and bring your questions to the next live session.

#TechInterview #ResumeReview #CareerAdvice #CodingInterview #FAANG",Made the live-stream topic explicit and added resume review plus career Q&A keywords for discovery.
leDuaWHGXAI,https://www.youtube.com/watch?v=leDuaWHGXAI,misc,2025-03-24T07:44:59Z,They Are Scamming Students – WARNING - Codemonk Academy Exposed,63,Codemonk Academy Exposed | Student Scam Warning,47,"Codemonk Academy exposed in a student scam warning about unauthorized use of the creator’s YouTube videos.

This video explains the issue described in the original upload: content being sold without permission and the creator’s lack of association with the academy. It is meant to warn students, protect learners, and encourage caution before paying for coding or interview-prep courses online.

Subscribe to Destination FAANG for trustworthy coding education and career prep.

#CodemonkAcademy #StudentAwareness #TechEducation #Coding #CareerAdvice",Front-loaded the named warning topic and removed excessive punctuation while preserving the scam-alert intent.
YHjH1VfUU6Q,https://www.youtube.com/watch?v=YHjH1VfUU6Q,system-design,2025-03-18T01:45:04Z,"System design interview - Design Amazon, eBay, ecommerce",56,Design Amazon Ecommerce | System Design Interview,49,"Design Amazon-style ecommerce for a system design interview, including scalable services and architecture tradeoffs.

This session breaks down how to think about an ecommerce platform like Amazon, eBay, or similar marketplaces using microservices and low-level design considerations from the original description. It is built for candidates practicing product-scale architecture questions for FAANG/MAANG interviews.

Subscribe to Destination FAANG and practice another system design case next.

#SystemDesign #Ecommerce #TechInterview #FAANG #Microservices",Moved “Design Amazon Ecommerce” to the front and added system design interview intent plus microservices keywords.
EE_7RUj0Bqg,https://www.youtube.com/watch?v=EE_7RUj0Bqg,behavioral,2025-03-17T18:27:00Z,"Career advice, Resume reviews - Let's GOOOOO...!!!",50,Resume Reviews Live | Career Advice For Tech Jobs,49,"Resume reviews live with career advice for tech jobs, interviews, and getting noticed by recruiters.

This live session covers how to appear in interviews, improve your job-search approach, and discuss practical ways to move forward as a developer or student. It is useful for anyone preparing resumes, applications, technical interviews, or early-career software roles.

Subscribe to Destination FAANG for more resume reviews and interview prep.

#ResumeReview #CareerAdvice #TechJobs #InterviewPrep #SoftwareEngineer",Replaced the vague celebration wording with searchable live resume review and career advice keywords.
gmuUCgE2CZM,https://www.youtube.com/watch?v=gmuUCgE2CZM,misc,2025-03-09T08:22:45Z,How I Got a Job at Microsoft | My Incredible Journey,52,How I Got A Job At Microsoft | Developer Journey,48,"How I got a job at Microsoft, told as a developer journey with lessons for interview prep and career growth.

This story covers the unexpected path to a Microsoft interview and the experience behind landing the role, based on the original description. Watch for motivation, preparation insights, and practical takeaways for software engineers aiming at top tech companies.

Subscribe to Destination FAANG for more career stories and FAANG interview prep.

#Microsoft #CareerAdvice #TechJobs #SoftwareEngineer #FAANG",Kept the strong Microsoft keyword but shortened the title and clarified the developer journey angle.
FWJX42mmXaQ,https://www.youtube.com/watch?v=FWJX42mmXaQ,dsa,2025-03-02T12:16:33Z,How to Get a 25+ LPA Job - complete guide,41,25+ LPA Tech Job Guide | Roadmap For Developers,47,"25+ LPA tech job guide for developers aiming at higher-paying roles in top tech companies.

This video discusses a roadmap for landing ₹25L, ₹30L, ₹40L, or higher packages, based on the original description of an in-depth career conversation. It covers preparation direction, interview focus, and the kind of planning developers need to compete for better opportunities.

Subscribe to Destination FAANG and build your interview roadmap.

#TechJobs #CareerAdvice #CodingInterview #SoftwareEngineer #FAANG",Front-loaded “25+ LPA Tech Job Guide” and reframed the promise as a roadmap rather than a vague complete guide.
x_WDD-gFz4I,https://www.youtube.com/watch?v=x_WDD-gFz4I,dsa,2025-02-25T07:04:03Z,How to Get Tech Job Interviews WITHOUT applying 3000 Times.!,60,Get Tech Job Interviews | Stop Applying 3000 Times,50,"Get tech job interviews without sending thousands of applications by improving your job-search strategy.

This video breaks down a more focused way to land interviews with fewer applications, based on the original description. It is useful for developers, students, and job seekers who want better targeting, stronger outreach, and a more practical path into technical interviews.

Subscribe to Destination FAANG and test one smarter application strategy this week.

#TechJobs #CareerAdvice #InterviewPrep #SoftwareEngineer #JobSearch",Led with the benefit “Get Tech Job Interviews” and kept the 3000-applications hook for CTR.
BQ2IJ-fouJ4,https://www.youtube.com/watch?v=BQ2IJ-fouJ4,dsa,2025-02-04T04:11:45Z,Two Sum - Leetcode 1 - Explained Java,37,Two Sum | LeetCode 1 (Easy) Hash Map In Java,44,"Two Sum LeetCode 1 is the classic easy array and hash map problem every coding interview candidate should know.

This Java explanation shows how to move from brute force thinking to an efficient hash map approach, while discussing the core DSA pattern behind the problem. It is perfect for LeetCode beginners and FAANG/MAANG interview prep because Two Sum builds the foundation for many array lookup questions.

Subscribe to Destination FAANG and practice more hash map problems.

#LeetCode #TwoSum #Java #CodingInterview #DSA",Used the canonical LeetCode format and added “Hash Map In Java” to match the solution and search intent.
TRYBR4OaDrw,https://www.youtube.com/watch?v=TRYBR4OaDrw,dsa,2025-02-01T02:45:50Z,Software Developer Interview university student,47,Software Developer Mock Interview | University Student,54,"Software developer mock interview with a university student preparing for an entry-level developer role.

This session gives viewers a realistic look at how a software developer interview can feel after university, including communication, problem solving, and interview flow. It is useful for students, new grads, and anyone preparing for SDE interviews or their first technical job search.

Subscribe to Destination FAANG and practice with mock interviews regularly.

#MockInterview #SoftwareDeveloper #TechInterview #NewGrad #CodingInterview",Clarified the video as a mock interview and front-loaded the target role for search.
-2IaYGNu2AE,https://www.youtube.com/watch?v=-2IaYGNu2AE,misc,2025-01-27T19:36:40Z,"How to get a job, clear interview and start career",50,Get A Developer Job | Interview & Career Starter Guide,54,"Get a developer job with practical advice on interviews, career starts, and preparing for your first tech opportunity.

This live-style career discussion focuses on how to appear in interviews, what to work on as a job seeker, and how to start building momentum toward a software development role. It is useful for students, beginners, and developers trying to enter the market.

Subscribe to Destination FAANG for more job-search and interview prep.

#DeveloperJobs #CareerAdvice #TechInterview #SoftwareEngineer #JobSearch",Turned a broad title into a searchable developer-job guide while keeping the interview and career-start theme.
6gBqUoOd0kk,https://www.youtube.com/watch?v=6gBqUoOd0kk,dsa,2025-01-25T19:16:18Z,Java developer interview,24,Java Developer Mock Interview | RBC Role Prep,45,"Java Developer mock interview for an RBC role, covering realistic technical and behavioral interview practice.

This video walks through a software developer interview scenario with Java-focused preparation and common interview flow. It is useful for candidates preparing for bank, enterprise, or SDE interviews who want to see how questions, answers, and communication come together.

Subscribe to Destination FAANG and use mock interviews to improve before the real round.

#Java #MockInterview #TechInterview #SoftwareDeveloper #CareerAdvice",Added “Mock Interview” and “RBC Role Prep” to make the original generic title more specific and searchable.
enQ7GDIcjrM,https://www.youtube.com/watch?v=enQ7GDIcjrM,behavioral,2025-01-19T19:07:26Z,Career questions and then mock interview,40,Career Questions Live | Mock Interview Practice,47,"Career questions live with mock interview practice for software developers preparing for tech interviews.

This session combines open career discussion with a random mock interview format, based on the original description. Viewers can learn how to think about interview readiness, communication, job-search questions, and the practice needed to perform better in real technical rounds.

Subscribe to Destination FAANG for more live career and interview prep.

#CareerAdvice #MockInterview #TechInterview #SoftwareEngineer #InterviewPrep",Made the live format clear while adding mock interview and career keywords for discoverability.
VP6M2uLuLF0,https://www.youtube.com/watch?v=VP6M2uLuLF0,misc,2025-01-17T01:00:32Z,How to get a Developer Job - in this economy,44,Developer Job Guide | Technical Interviews In This Economy,58,"Developer job guide for this economy, covering technical, behavioral, and system design interview preparation.

This comprehensive career video explains the interview types developers face and how to prepare for each one in a tougher job market. It is useful for software engineers, students, and job seekers who want a structured view of the hiring process and practical next steps.

Subscribe to Destination FAANG and prepare for every interview round.

#DeveloperJobs #TechInterview #SystemDesign #CareerAdvice #SoftwareEngineer",Front-loaded “Developer Job Guide” and included the key interview types mentioned in the description.
IZ6BiTQ09_I,https://www.youtube.com/watch?v=IZ6BiTQ09_I,misc,2025-01-10T19:09:16Z,Technical Interviews explained and solved,41,Technical Interviews Explained | Get A Job In 2025,50,"Technical interviews explained for developers trying to get a software, IT, or tech job in 2025.

This live stream focuses on the biggest hurdle in the job search: technical interviews. You will hear practical discussion around preparing for interviews, understanding what companies test, and building confidence for software development and IT roles.

Subscribe to Destination FAANG and keep practicing for your next technical round.

#TechnicalInterview #TechJobs #CareerAdvice #SoftwareDeveloper #InterviewPrep",Kept the broad live-stream topic but made the title keyword-first and tied it to 2025 job-search intent.
lpRn_2ON4EY,https://www.youtube.com/watch?v=lpRn_2ON4EY,misc,2025-01-03T18:12:21Z,IT careers in 2025 - for students and fresh graduates,53,IT Careers In 2025 | Guide For Students & New Grads,51,"IT careers in 2025 guide for students and fresh graduates looking for their first tech job.

This live stream discusses how new grads can think about the job market, prepare for applications, and approach early career opportunities in IT and software development. It is useful for students who need direction on skills, interviews, and getting started in tech.

Subscribe to Destination FAANG for more student career and interview prep.

#ITCareer #NewGrad #TechJobs #CareerAdvice #Students",Polished the title around “IT Careers In 2025” and added student/new-grad keywords for search.
BgXLXRyvRkQ,https://www.youtube.com/watch?v=BgXLXRyvRkQ,misc,2024-12-31T18:52:24Z,Secrets of getting a job i 2025 - ask me anything,49,Get A Job In 2025 | Career AMA For Developers,45,"Get a job in 2025 with practical career discussion for developers, students, and tech job seekers.

This AMA-style live stream covers job-search questions, career goals, channel updates, and suggestions from the community. It is useful for viewers who want realistic advice on interviews, applications, and staying consistent while preparing for software or IT roles.

Subscribe to Destination FAANG and bring your questions to the next live session.

#CareerAdvice #TechJobs #SoftwareDeveloper #InterviewPrep #JobSearch",Fixed the typo and reframed the stream as a searchable 2025 developer career AMA.
orEmolnLPvQ,https://www.youtube.com/watch?v=orEmolnLPvQ,dsa,2024-11-28T05:00:38Z,Neetcode 150 - All Questions Solved - part 4,44,NeetCode 150 Part 4 | Questions 135-150 Explained,49,"NeetCode 150 Part 4 explains questions 135 to 150 with step-by-step coding interview solutions.

This final installment helps you finish the NeetCode 150 roadmap and review advanced LeetCode-style problems for FAANG/MAANG preparation. Use it to strengthen pattern recognition, solution explanation, and confidence across the last set of problems in the series.

Subscribe to Destination FAANG and complete the full NeetCode 150 playlist.

#NeetCode150 #LeetCode #DSA #CodingInterview #FAANG",Added the exact question range and “Explained” keyword to improve playlist and search clarity.
OH44yPzzaWE,https://www.youtube.com/watch?v=OH44yPzzaWE,dsa,2024-11-25T05:00:24Z,Neetcode 150 - All Questions Solved - part 3,44,NeetCode 150 Part 3 | Questions 96-134 Explained,48,"NeetCode 150 Part 3 covers questions 96 to 134 with step-by-step explanations for interview prep.

This video continues the comprehensive LeetCode roadmap and focuses on building problem-solving fluency across important coding interview patterns. It is designed for candidates preparing for FAANG/MAANG rounds who want structured practice instead of random problem selection.

Subscribe to Destination FAANG and continue the NeetCode 150 series.

#NeetCode150 #LeetCode #DSA #CodingInterview #FAANG",Front-loaded NeetCode 150 and included the problem range to make the series part easier to find.
c9Myn-zYmJs,https://www.youtube.com/watch?v=c9Myn-zYmJs,dsa,2024-11-17T02:45:22Z,Neetcode 150 - All Questions Solved - part 2,44,NeetCode 150 Part 2 | Questions 52-95 Explained,47,"NeetCode 150 Part 2 explains questions 52 to 95 for structured LeetCode and coding interview practice.

This installment continues the full roadmap with step-by-step solutions and pattern-focused explanations. It is useful for developers preparing for FAANG/MAANG interviews who want to strengthen DSA fundamentals, recognize common techniques, and stay organized through the NeetCode list.

Subscribe to Destination FAANG and keep moving through the playlist.

#NeetCode150 #LeetCode #DSA #CodingInterview #FAANG",Shortened the title and added the exact question range plus “Explained” for better search matching.
3-mZwU87Ttw,https://www.youtube.com/watch?v=3-mZwU87Ttw,dsa,2024-11-12T20:15:06Z,Neetcode 150 - All Questions Solved...!,39,NeetCode 150 Part 1 | Coding Interview Problems Explained,57,"NeetCode 150 Part 1 starts a structured coding interview problem series with step-by-step explanations.

This video introduces the playlist by solving popular and important LeetCode problems from the NeetCode 150 roadmap. It is built for FAANG/MAANG interview preparation, helping you practice DSA patterns, understand solution tradeoffs, and build consistency across a curated problem list.

Subscribe to Destination FAANG and follow the full NeetCode 150 series.

#NeetCode150 #LeetCode #DSA #CodingInterview #FAANG",Reframed the first installment as Part 1 and added coding interview problem keywords.
c_q_Pc2yg_0,https://www.youtube.com/watch?v=c_q_Pc2yg_0,dsa,2024-11-11T05:00:33Z,Contains Duplicate: 217 - google interview question,51,Contains Duplicate | LeetCode 217 (Easy) Hash Set,49,"Contains Duplicate LeetCode 217 is an easy hash set problem for arrays and coding interview fundamentals.

This explanation shows how to detect repeated values efficiently and why a set is the clean pattern for this problem. It is ideal for LeetCode beginners and FAANG/MAANG candidates reviewing array basics, hash-based lookups, and time complexity tradeoffs.

Subscribe to Destination FAANG and practice more array and hash set problems.

#LeetCode #HashSet #Arrays #CodingInterview #DSA",Used the canonical LeetCode format and added the “Hash Set” technique keyword.
RxAPGNpb6cc,https://www.youtube.com/watch?v=RxAPGNpb6cc,dsa,2024-11-10T05:41:54Z,2D Dynamic Programming Full Course for technical interviews,59,2D Dynamic Programming Course | DSA Interview Prep,50,"2D Dynamic Programming Course for DSA interview prep, focused on cracking advanced DP patterns.

This lesson helps you understand two-dimensional DP problems, how to define states, and how to build transitions for LeetCode-style questions. It is built for candidates preparing for FAANG/MAANG coding interviews who already know basic DP and want stronger confidence with harder dynamic programming problems.

Subscribe to Destination FAANG and practice 2D DP problems consistently.

#DynamicProgramming #DSA #LeetCode #CodingInterview #FAANG",Moved “2D Dynamic Programming” to the front and clarified the course as interview-focused DSA prep.
FZtDTYzVUhU,https://www.youtube.com/watch?v=FZtDTYzVUhU,dsa,2024-11-03T16:51:11Z,Minimum Interval to Include Each Query: 1851 - faang interview question,71,Minimum Interval Query | LeetCode 1851 (Hard) Heap,50,"Minimum Interval to Include Each Query LeetCode 1851 is a hard heap and sorting problem for advanced interview prep.

This explanation focuses on how to process intervals and queries efficiently using the right data structure instead of brute force. It is useful for FAANG/MAANG candidates practicing hard LeetCode problems, priority queues, interval patterns, and performance-focused solution design.

Subscribe to Destination FAANG and practice more heap and interval problems.

#LeetCode #Heap #Intervals #CodingInterview #DSA","Shortened the problem title while adding LeetCode number, difficulty, and heap technique keyword."
TfvN6rqDOT0,https://www.youtube.com/watch?v=TfvN6rqDOT0,dsa,2024-10-31T18:30:31Z,Google's toughest interview question - Burst Balloons: 312,58,Burst Balloons | LeetCode 312 (Hard DP),39,"Burst Balloons LeetCode 312 explained with a clear interval dynamic programming approach for coding interviews.

In this Destination FAANG walkthrough, you will learn how to recognize the pattern, build the solution step by step, and reason through a hard LeetCode problem under interview pressure. The focus is on DSA fundamentals, clean problem-solving, and the kind of explanation expected in FAANG/MAANG technical interviews. Use this video to practice the problem, review the core idea, and strengthen your interview prep.

Subscribe to Destination FAANG and keep practicing one problem at a time.

#LeetCode #CodingInterview #DSA #FAANG #Algorithms",Front-loads the searchable topic and adds the core interview pattern while removing boilerplate and keyword stuffing.
A5IBp1ldlik,https://www.youtube.com/watch?v=A5IBp1ldlik,dsa,2024-10-30T04:00:07Z,Distinct Subsequences: 115 - meta interview question,52,Distinct Subsequences | LeetCode 115 DP Explained,49,"Distinct Subsequences LeetCode 115 explained with a clear dynamic programming for counting subsequences approach for coding interviews.

In this Destination FAANG walkthrough, you will learn how to recognize the pattern, build the solution step by step, and reason through a hard LeetCode problem under interview pressure. The focus is on DSA fundamentals, clean problem-solving, and the kind of explanation expected in FAANG/MAANG technical interviews. Use this video to practice the problem, review the core idea, and strengthen your interview prep.

Subscribe to Destination FAANG and keep practicing one problem at a time.

#LeetCode #CodingInterview #DSA #FAANG #Algorithms",Front-loads the searchable topic and adds the core interview pattern while removing boilerplate and keyword stuffing.
fnWskW9xaw4,https://www.youtube.com/watch?v=fnWskW9xaw4,dsa,2024-10-28T04:00:28Z,Edit distance: 72 - google interview question,45,Edit Distance | LeetCode 72 DP Explained,40,"Edit Distance LeetCode 72 explained with a clear 2D dynamic programming approach for coding interviews.

In this Destination FAANG walkthrough, you will learn how to recognize the pattern, build the solution step by step, and reason through a medium-level LeetCode problem under interview pressure. The focus is on DSA fundamentals, clean problem-solving, and the kind of explanation expected in FAANG/MAANG technical interviews. Use this video to practice the problem, review the core idea, and strengthen your interview prep.

Subscribe to Destination FAANG and keep practicing one problem at a time.

#LeetCode #CodingInterview #DSA #FAANG #Algorithms",Front-loads the searchable topic and adds the core interview pattern while removing boilerplate and keyword stuffing.
HiT28-kHW3A,https://www.youtube.com/watch?v=HiT28-kHW3A,dsa,2024-10-25T19:15:00Z,Maths for Technical Interviews - FREE - Full Course,51,Math & Geometry for Coding Interviews | Full Course,51,"Math and geometry for coding interviews gets a complete interview-focused roadmap for mastering the topic and solving LeetCode-style problems.

In this Destination FAANG full course, you will learn the core concepts, common patterns, and problem-solving strategies behind core math patterns used in DSA and LeetCode. The video is built for DSA practice, technical interview prep, and FAANG/MAANG candidates who want a structured way to improve. Use it to review fundamentals, connect patterns across questions, and build confidence before your next coding interview.

Subscribe to Destination FAANG and practice consistently with the full interview-prep playlist.

#DSA #CodingInterview #LeetCode #FAANG #Programming",Front-loads the searchable topic and adds the core interview pattern while removing boilerplate and keyword stuffing.
1UooPSAHjfw,https://www.youtube.com/watch?v=1UooPSAHjfw,dsa,2024-10-18T05:45:00Z,Detect Squares: 2013 - google interview question,48,Detect Squares | LeetCode 2013 Hash Map Explained,49,"Detect Squares LeetCode 2013 explained with a clear hash maps and coordinate counting approach for coding interviews.

In this Destination FAANG walkthrough, you will learn how to recognize the pattern, build the solution step by step, and reason through a medium-level LeetCode problem under interview pressure. The focus is on DSA fundamentals, clean problem-solving, and the kind of explanation expected in FAANG/MAANG technical interviews. Use this video to practice the problem, review the core idea, and strengthen your interview prep.

Subscribe to Destination FAANG and keep practicing one problem at a time.

#LeetCode #CodingInterview #DSA #FAANG #Algorithms",Front-loads the searchable topic and adds the core interview pattern while removing boilerplate and keyword stuffing.
1Hftrgb30BQ,https://www.youtube.com/watch?v=1Hftrgb30BQ,dsa,2024-10-15T04:15:00Z,Multiply Strings: 43 - faang interview question,47,Multiply Strings | LeetCode 43 Simulation Explained,51,"Multiply Strings LeetCode 43 explained with a clear string simulation and digit math approach for coding interviews.

In this Destination FAANG walkthrough, you will learn how to recognize the pattern, build the solution step by step, and reason through a medium-level LeetCode problem under interview pressure. The focus is on DSA fundamentals, clean problem-solving, and the kind of explanation expected in FAANG/MAANG technical interviews. Use this video to practice the problem, review the core idea, and strengthen your interview prep.

Subscribe to Destination FAANG and keep practicing one problem at a time.

#LeetCode #CodingInterview #DSA #FAANG #Algorithms",Front-loads the searchable topic and adds the core interview pattern while removing boilerplate and keyword stuffing.
OUKFuUkb4p0,https://www.youtube.com/watch?v=OUKFuUkb4p0,dsa,2024-10-14T04:15:01Z,"Pow(x, n): 50 - meta interview question",39,"Pow(x, n) | LeetCode 50 Fast Exponentiation",43,"Pow(x, n) LeetCode 50 explained with a clear fast exponentiation / binary power approach for coding interviews.

In this Destination FAANG walkthrough, you will learn how to recognize the pattern, build the solution step by step, and reason through a medium-level LeetCode problem under interview pressure. The focus is on DSA fundamentals, clean problem-solving, and the kind of explanation expected in FAANG/MAANG technical interviews. Use this video to practice the problem, review the core idea, and strengthen your interview prep.

Subscribe to Destination FAANG and keep practicing one problem at a time.

#LeetCode #CodingInterview #DSA #FAANG #Algorithms",Front-loads the searchable topic and adds the core interview pattern while removing boilerplate and keyword stuffing.
1KIcZqCXNHU,https://www.youtube.com/watch?v=1KIcZqCXNHU,dsa,2024-10-03T20:35:50Z,Plus One: 66 - faang interview question,39,Plus One | LeetCode 66 Array Carry Explained,44,"Plus One LeetCode 66 explained with a clear array traversal and carry handling approach for coding interviews.

In this Destination FAANG walkthrough, you will learn how to recognize the pattern, build the solution step by step, and reason through an accessible LeetCode problem under interview pressure. The focus is on DSA fundamentals, clean problem-solving, and the kind of explanation expected in FAANG/MAANG technical interviews. Use this video to practice the problem, review the core idea, and strengthen your interview prep.

Subscribe to Destination FAANG and keep practicing one problem at a time.

#LeetCode #CodingInterview #DSA #FAANG #Algorithms",Front-loads the searchable topic and adds the core interview pattern while removing boilerplate and keyword stuffing.
jclDncHHPGU,https://www.youtube.com/watch?v=jclDncHHPGU,dsa,2024-09-22T23:59:21Z,"Assign Cookies: 455 - Nvidia,  google interview question",56,Assign Cookies | LeetCode 455 Greedy Explained,46,"Assign Cookies LeetCode 455 explained with a clear greedy sorting and two pointers approach for coding interviews.

In this Destination FAANG walkthrough, you will learn how to recognize the pattern, build the solution step by step, and reason through an accessible LeetCode problem under interview pressure. The focus is on DSA fundamentals, clean problem-solving, and the kind of explanation expected in FAANG/MAANG technical interviews. Use this video to practice the problem, review the core idea, and strengthen your interview prep.

Subscribe to Destination FAANG and keep practicing one problem at a time.

#LeetCode #CodingInterview #DSA #FAANG #Algorithms",Front-loads the searchable topic and adds the core interview pattern while removing boilerplate and keyword stuffing.
Gl9u9LRXpMY,https://www.youtube.com/watch?v=Gl9u9LRXpMY,dsa,2024-09-20T04:21:15Z,Greedy Algorithms Full Course for Technical Interviews,54,Greedy Algorithms for Coding Interviews | Full Course,53,"Greedy algorithms for coding interviews gets a complete interview-focused roadmap for mastering the topic and solving LeetCode-style problems.

In this Destination FAANG full course, you will learn the core concepts, common patterns, and problem-solving strategies behind greedy decision-making patterns for LeetCode. The video is built for DSA practice, technical interview prep, and FAANG/MAANG candidates who want a structured way to improve. Use it to review fundamentals, connect patterns across questions, and build confidence before your next coding interview.

Subscribe to Destination FAANG and practice consistently with the full interview-prep playlist.

#DSA #CodingInterview #LeetCode #FAANG #Programming",Front-loads the searchable topic and adds the core interview pattern while removing boilerplate and keyword stuffing.
OVjB6kGr29g,https://www.youtube.com/watch?v=OVjB6kGr29g,dsa,2024-09-18T23:14:34Z,Merge Triplets to Form Target Triplet: 1899 - google interview question,71,Merge Triplets | LeetCode 1899 Greedy Explained,47,"Merge Triplets to Form Target Triplet LeetCode 1899 explained with a clear greedy validation approach for coding interviews.

In this Destination FAANG walkthrough, you will learn how to recognize the pattern, build the solution step by step, and reason through a medium-level LeetCode problem under interview pressure. The focus is on DSA fundamentals, clean problem-solving, and the kind of explanation expected in FAANG/MAANG technical interviews. Use this video to practice the problem, review the core idea, and strengthen your interview prep.

Subscribe to Destination FAANG and keep practicing one problem at a time.

#LeetCode #CodingInterview #DSA #FAANG #Algorithms",Front-loads the searchable topic and adds the core interview pattern while removing boilerplate and keyword stuffing.
fZwClQfC3qU,https://www.youtube.com/watch?v=fZwClQfC3qU,dsa,2024-09-09T09:15:03Z,Reverse Integer: 7 - meta interview question,44,Reverse Integer | LeetCode 7 Overflow Explained,47,"Reverse Integer LeetCode 7 explained with a clear integer math and overflow handling approach for coding interviews.

In this Destination FAANG walkthrough, you will learn how to recognize the pattern, build the solution step by step, and reason through a medium-level LeetCode problem under interview pressure. The focus is on DSA fundamentals, clean problem-solving, and the kind of explanation expected in FAANG/MAANG technical interviews. Use this video to practice the problem, review the core idea, and strengthen your interview prep.

Subscribe to Destination FAANG and keep practicing one problem at a time.

#LeetCode #CodingInterview #DSA #FAANG #Algorithms",Front-loads the searchable topic and adds the core interview pattern while removing boilerplate and keyword stuffing.
h5YxPLC4lWs,https://www.youtube.com/watch?v=h5YxPLC4lWs,dsa,2024-09-07T17:00:27Z,Valid Parenthesis String: 678 - coding interview question,57,Valid Parenthesis String | LeetCode 678 Greedy,46,"Valid Parenthesis String LeetCode 678 explained with a clear greedy range tracking approach for coding interviews.

In this Destination FAANG walkthrough, you will learn how to recognize the pattern, build the solution step by step, and reason through a medium-level LeetCode problem under interview pressure. The focus is on DSA fundamentals, clean problem-solving, and the kind of explanation expected in FAANG/MAANG technical interviews. Use this video to practice the problem, review the core idea, and strengthen your interview prep.

Subscribe to Destination FAANG and keep practicing one problem at a time.

#LeetCode #CodingInterview #DSA #FAANG #Algorithms",Front-loads the searchable topic and adds the core interview pattern while removing boilerplate and keyword stuffing.
2LaOz13Y5qw,https://www.youtube.com/watch?v=2LaOz13Y5qw,dsa,2024-08-31T20:06:47Z,Single Number: 136 - google interview question,46,Single Number | LeetCode 136 XOR Explained,42,"Single Number LeetCode 136 explained with a clear bit manipulation with XOR approach for coding interviews.

In this Destination FAANG walkthrough, you will learn how to recognize the pattern, build the solution step by step, and reason through an accessible LeetCode problem under interview pressure. The focus is on DSA fundamentals, clean problem-solving, and the kind of explanation expected in FAANG/MAANG technical interviews. Use this video to practice the problem, review the core idea, and strengthen your interview prep.

Subscribe to Destination FAANG and keep practicing one problem at a time.

#LeetCode #CodingInterview #DSA #FAANG #Algorithms",Front-loads the searchable topic and adds the core interview pattern while removing boilerplate and keyword stuffing.
TvWEYhHPO0w,https://www.youtube.com/watch?v=TvWEYhHPO0w,dsa,2024-08-27T12:22:52Z,Partition Labels: 763 - coding interview question,49,Partition Labels | LeetCode 763 Greedy Explained,48,"Partition Labels LeetCode 763 explained with a clear greedy intervals approach for coding interviews.

In this Destination FAANG walkthrough, you will learn how to recognize the pattern, build the solution step by step, and reason through a medium-level LeetCode problem under interview pressure. The focus is on DSA fundamentals, clean problem-solving, and the kind of explanation expected in FAANG/MAANG technical interviews. Use this video to practice the problem, review the core idea, and strengthen your interview prep.

Subscribe to Destination FAANG and keep practicing one problem at a time.

#LeetCode #CodingInterview #DSA #FAANG #Algorithms",Front-loads the searchable topic and adds the core interview pattern while removing boilerplate and keyword stuffing.
d5SvCvRmmww,https://www.youtube.com/watch?v=d5SvCvRmmww,dsa,2024-08-14T04:02:17Z,Happy Number: 202 - important question for coding interviews,60,Happy Number | LeetCode 202 Cycle Detection,43,"Happy Number LeetCode 202 explained with a clear cycle detection and math approach for coding interviews.

In this Destination FAANG walkthrough, you will learn how to recognize the pattern, build the solution step by step, and reason through an accessible LeetCode problem under interview pressure. The focus is on DSA fundamentals, clean problem-solving, and the kind of explanation expected in FAANG/MAANG technical interviews. Use this video to practice the problem, review the core idea, and strengthen your interview prep.

Subscribe to Destination FAANG and keep practicing one problem at a time.

#LeetCode #CodingInterview #DSA #FAANG #Algorithms",Front-loads the searchable topic and adds the core interview pattern while removing boilerplate and keyword stuffing.
ENDr9IfRMMw,https://www.youtube.com/watch?v=ENDr9IfRMMw,dsa,2024-08-13T01:03:37Z,Gas Station: 134 - meta leetcode question,41,Gas Station | LeetCode 134 Greedy Explained,43,"Gas Station LeetCode 134 explained with a clear greedy gas balance reasoning approach for coding interviews.

In this Destination FAANG walkthrough, you will learn how to recognize the pattern, build the solution step by step, and reason through a medium-level LeetCode problem under interview pressure. The focus is on DSA fundamentals, clean problem-solving, and the kind of explanation expected in FAANG/MAANG technical interviews. Use this video to practice the problem, review the core idea, and strengthen your interview prep.

Subscribe to Destination FAANG and keep practicing one problem at a time.

#LeetCode #CodingInterview #DSA #FAANG #Algorithms",Front-loads the searchable topic and adds the core interview pattern while removing boilerplate and keyword stuffing.
BLE6FwwmlUQ,https://www.youtube.com/watch?v=BLE6FwwmlUQ,dsa,2024-08-06T04:49:54Z,Tree full course for technical interviews,41,Tree Data Structures for Interviews | Full Course,49,"Tree data structures for technical interviews gets a complete interview-focused roadmap for mastering the topic and solving LeetCode-style problems.

In this Destination FAANG full course, you will learn the core concepts, common patterns, and problem-solving strategies behind tree traversal and interview problem patterns. The video is built for DSA practice, technical interview prep, and FAANG/MAANG candidates who want a structured way to improve. Use it to review fundamentals, connect patterns across questions, and build confidence before your next coding interview.

Subscribe to Destination FAANG and practice consistently with the full interview-prep playlist.

#DSA #CodingInterview #LeetCode #FAANG #Programming",Front-loads the searchable topic and adds the core interview pattern while removing boilerplate and keyword stuffing.
jxTyXvCNkL4,https://www.youtube.com/watch?v=jxTyXvCNkL4,dsa,2024-08-01T05:02:54Z,Stack full course for technical interviews,42,Stack Data Structure for Interviews | Full Course,49,"Stack data structure for technical interviews gets a complete interview-focused roadmap for mastering the topic and solving LeetCode-style problems.

In this Destination FAANG full course, you will learn the core concepts, common patterns, and problem-solving strategies behind stack fundamentals and popular LeetCode patterns. The video is built for DSA practice, technical interview prep, and FAANG/MAANG candidates who want a structured way to improve. Use it to review fundamentals, connect patterns across questions, and build confidence before your next coding interview.

Subscribe to Destination FAANG and practice consistently with the full interview-prep playlist.

#DSA #CodingInterview #LeetCode #FAANG #Programming",Front-loads the searchable topic and adds the core interview pattern while removing boilerplate and keyword stuffing.
HBON-ooIygo,https://www.youtube.com/watch?v=HBON-ooIygo,dsa,2024-07-24T07:30:04Z,Dynamic Programming full course for technical interviews,56,Dynamic Programming for Interviews | Full Course,48,"Dynamic programming for technical interviews gets a complete interview-focused roadmap for mastering the topic and solving LeetCode-style problems.

In this Destination FAANG full course, you will learn the core concepts, common patterns, and problem-solving strategies behind DP patterns for LeetCode and coding interviews. The video is built for DSA practice, technical interview prep, and FAANG/MAANG candidates who want a structured way to improve. Use it to review fundamentals, connect patterns across questions, and build confidence before your next coding interview.

Subscribe to Destination FAANG and practice consistently with the full interview-prep playlist.

#DSA #CodingInterview #LeetCode #FAANG #Programming",Front-loads the searchable topic and adds the core interview pattern while removing boilerplate and keyword stuffing.
5mWBnYrdO70,https://www.youtube.com/watch?v=5mWBnYrdO70,dsa,2024-07-19T16:43:14Z,"Climbing Stairs: 70 - google, meta interview question",53,Climbing Stairs | LeetCode 70 DP Explained,42,"Climbing Stairs LeetCode 70 explained with a clear basic dynamic programming approach for coding interviews.

In this Destination FAANG walkthrough, you will learn how to recognize the pattern, build the solution step by step, and reason through an accessible LeetCode problem under interview pressure. The focus is on DSA fundamentals, clean problem-solving, and the kind of explanation expected in FAANG/MAANG technical interviews. Use this video to practice the problem, review the core idea, and strengthen your interview prep.

Subscribe to Destination FAANG and keep practicing one problem at a time.

#LeetCode #CodingInterview #DSA #FAANG #Algorithms",Front-loads the searchable topic and adds the core interview pattern while removing boilerplate and keyword stuffing.
Dt6gzsNrghQ,https://www.youtube.com/watch?v=Dt6gzsNrghQ,dsa,2024-07-07T18:11:21Z,String Full Course for technical interviews,43,Strings for Coding Interviews | Full Course,43,"String algorithms for coding interviews gets a complete interview-focused roadmap for mastering the topic and solving LeetCode-style problems.

In this Destination FAANG full course, you will learn the core concepts, common patterns, and problem-solving strategies behind string manipulation patterns and interview questions. The video is built for DSA practice, technical interview prep, and FAANG/MAANG candidates who want a structured way to improve. Use it to review fundamentals, connect patterns across questions, and build confidence before your next coding interview.

Subscribe to Destination FAANG and practice consistently with the full interview-prep playlist.

#DSA #CodingInterview #LeetCode #FAANG #Programming",Front-loads the searchable topic and adds the core interview pattern while removing boilerplate and keyword stuffing.
KXIK863L9tk,https://www.youtube.com/watch?v=KXIK863L9tk,dsa,2024-07-05T05:00:10Z,Interleaving String: 97 - google interview question,51,Interleaving String | LeetCode 97 DP Explained,46,"Interleaving String LeetCode 97 explained with a clear 2D dynamic programming approach for coding interviews.

In this Destination FAANG walkthrough, you will learn how to recognize the pattern, build the solution step by step, and reason through a medium-level LeetCode problem under interview pressure. The focus is on DSA fundamentals, clean problem-solving, and the kind of explanation expected in FAANG/MAANG technical interviews. Use this video to practice the problem, review the core idea, and strengthen your interview prep.

Subscribe to Destination FAANG and keep practicing one problem at a time.

#LeetCode #CodingInterview #DSA #FAANG #Algorithms",Front-loads the searchable topic and adds the core interview pattern while removing boilerplate and keyword stuffing.
eeUUFDN0yyI,https://www.youtube.com/watch?v=eeUUFDN0yyI,dsa,2024-06-26T06:00:26Z,Linked List Full Course and 14 Top interview questions,54,Linked List for Interviews | Full Course + 14 Problems,54,"Linked list interview course gets a complete interview-focused roadmap for mastering the topic and solving LeetCode-style problems.

In this Destination FAANG full course, you will learn the core concepts, common patterns, and problem-solving strategies behind linked list operations, tradeoffs, and top questions. The video is built for DSA practice, technical interview prep, and FAANG/MAANG candidates who want a structured way to improve. Use it to review fundamentals, connect patterns across questions, and build confidence before your next coding interview.

Subscribe to Destination FAANG and practice consistently with the full interview-prep playlist.

#DSA #CodingInterview #LeetCode #FAANG #Programming",Front-loads the searchable topic and adds the core interview pattern while removing boilerplate and keyword stuffing.
_71ENYohRiE,https://www.youtube.com/watch?v=_71ENYohRiE,dsa,2024-06-19T14:30:13Z,Array Full Course + 25 Top Interview Questions,46,Arrays for Interviews | Full Course + 25 Problems,49,"Array interview course gets a complete interview-focused roadmap for mastering the topic and solving LeetCode-style problems.

In this Destination FAANG full course, you will learn the core concepts, common patterns, and problem-solving strategies behind array fundamentals and top LeetCode questions. The video is built for DSA practice, technical interview prep, and FAANG/MAANG candidates who want a structured way to improve. Use it to review fundamentals, connect patterns across questions, and build confidence before your next coding interview.

Subscribe to Destination FAANG and practice consistently with the full interview-prep playlist.

#DSA #CodingInterview #LeetCode #FAANG #Programming",Front-loads the searchable topic and adds the core interview pattern while removing boilerplate and keyword stuffing.
ISHUyNJVq_M,https://www.youtube.com/watch?v=ISHUyNJVq_M,dsa,2024-06-14T21:30:01Z,Hand of Straights: 846 - faang interview question,49,Hand of Straights | LeetCode 846 Greedy Explained,49,"Hand of Straights LeetCode 846 explained with a clear greedy grouping with counts approach for coding interviews.

In this Destination FAANG walkthrough, you will learn how to recognize the pattern, build the solution step by step, and reason through a medium-level LeetCode problem under interview pressure. The focus is on DSA fundamentals, clean problem-solving, and the kind of explanation expected in FAANG/MAANG technical interviews. Use this video to practice the problem, review the core idea, and strengthen your interview prep.

Subscribe to Destination FAANG and keep practicing one problem at a time.

#LeetCode #CodingInterview #DSA #FAANG #Algorithms",Front-loads the searchable topic and adds the core interview pattern while removing boilerplate and keyword stuffing.
9QqOX57nMAY,https://www.youtube.com/watch?v=9QqOX57nMAY,dsa,2024-06-06T09:30:03Z,Target Sum: 494 - Nvidia interview question,43,Target Sum | LeetCode 494 DP Explained,38,"Target Sum LeetCode 494 explained with a clear dynamic programming and subset-sum thinking approach for coding interviews.

In this Destination FAANG walkthrough, you will learn how to recognize the pattern, build the solution step by step, and reason through a medium-level LeetCode problem under interview pressure. The focus is on DSA fundamentals, clean problem-solving, and the kind of explanation expected in FAANG/MAANG technical interviews. Use this video to practice the problem, review the core idea, and strengthen your interview prep.

Subscribe to Destination FAANG and keep practicing one problem at a time.

#LeetCode #CodingInterview #DSA #FAANG #Algorithms",Front-loads the searchable topic and adds the core interview pattern while removing boilerplate and keyword stuffing.
khIBdTrRggk,https://www.youtube.com/watch?v=khIBdTrRggk,dsa,2024-06-04T04:15:02Z,Coin Change II: 518 - meta leetcode question,44,Coin Change II | LeetCode 518 DP Explained,42,"Coin Change II LeetCode 518 explained with a clear dynamic programming for counting combinations approach for coding interviews.

In this Destination FAANG walkthrough, you will learn how to recognize the pattern, build the solution step by step, and reason through a medium-level LeetCode problem under interview pressure. The focus is on DSA fundamentals, clean problem-solving, and the kind of explanation expected in FAANG/MAANG technical interviews. Use this video to practice the problem, review the core idea, and strengthen your interview prep.

Subscribe to Destination FAANG and keep practicing one problem at a time.

#LeetCode #CodingInterview #DSA #FAANG #Algorithms",Front-loads the searchable topic and adds the core interview pattern while removing boilerplate and keyword stuffing.
PH5jUN1cNHo,https://www.youtube.com/watch?v=PH5jUN1cNHo,dsa,2024-05-31T09:30:08Z,Best Time to Buy and Sell Stock with Cooldown: 309 - google interview question,78,Stock With Cooldown | LeetCode 309 DP Explained,47,"Best Time to Buy and Sell Stock with Cooldown LeetCode 309 explained with a clear state-machine dynamic programming approach for coding interviews.

In this Destination FAANG walkthrough, you will learn how to recognize the pattern, build the solution step by step, and reason through a medium-level LeetCode problem under interview pressure. The focus is on DSA fundamentals, clean problem-solving, and the kind of explanation expected in FAANG/MAANG technical interviews. Use this video to practice the problem, review the core idea, and strengthen your interview prep.

Subscribe to Destination FAANG and keep practicing one problem at a time.

#LeetCode #CodingInterview #DSA #FAANG #Algorithms",Front-loads the searchable topic and adds the core interview pattern while removing boilerplate and keyword stuffing.
g9iNrsBR9BE,https://www.youtube.com/watch?v=g9iNrsBR9BE,dsa,2024-05-29T09:30:17Z,Longest Common Subsequence: 1143 - meta interview questions,59,Longest Common Subsequence | LeetCode 1143 DP,45,"Longest Common Subsequence LeetCode 1143 explained with a clear 2D dynamic programming approach for coding interviews.

In this Destination FAANG walkthrough, you will learn how to recognize the pattern, build the solution step by step, and reason through a medium-level LeetCode problem under interview pressure. The focus is on DSA fundamentals, clean problem-solving, and the kind of explanation expected in FAANG/MAANG technical interviews. Use this video to practice the problem, review the core idea, and strengthen your interview prep.

Subscribe to Destination FAANG and keep practicing one problem at a time.

#LeetCode #CodingInterview #DSA #FAANG #Algorithms",Front-loads the searchable topic and adds the core interview pattern while removing boilerplate and keyword stuffing.
X50Rknzenus,https://www.youtube.com/watch?v=X50Rknzenus,dsa,2024-05-22T09:30:10Z,Partition Equal Subset Sum: 416 - google interview question,59,Partition Equal Subset Sum | LeetCode 416 DP,44,"Partition Equal Subset Sum LeetCode 416 explained with a clear 0/1 knapsack dynamic programming approach for coding interviews.

In this Destination FAANG walkthrough, you will learn how to recognize the pattern, build the solution step by step, and reason through a medium-level LeetCode problem under interview pressure. The focus is on DSA fundamentals, clean problem-solving, and the kind of explanation expected in FAANG/MAANG technical interviews. Use this video to practice the problem, review the core idea, and strengthen your interview prep.

Subscribe to Destination FAANG and keep practicing one problem at a time.

#LeetCode #CodingInterview #DSA #FAANG #Algorithms",Front-loads the searchable topic and adds the core interview pattern while removing boilerplate and keyword stuffing.
cGFPyhGzVY4,https://www.youtube.com/watch?v=cGFPyhGzVY4,dsa,2024-05-17T09:30:18Z,Graph algorithms - full course - technical interview,52,Graph Algorithms for Coding Interviews | Full Course,52,"Graph algorithms for coding interviews gets a complete interview-focused roadmap for mastering the topic and solving LeetCode-style problems.

In this Destination FAANG full course, you will learn the core concepts, common patterns, and problem-solving strategies behind graph traversal and problem-solving patterns. The video is built for DSA practice, technical interview prep, and FAANG/MAANG candidates who want a structured way to improve. Use it to review fundamentals, connect patterns across questions, and build confidence before your next coding interview.

Subscribe to Destination FAANG and practice consistently with the full interview-prep playlist.

#DSA #CodingInterview #LeetCode #FAANG #Programming",Front-loads the searchable topic and adds the core interview pattern while removing boilerplate and keyword stuffing.
A3LYMRqAQeU,https://www.youtube.com/watch?v=A3LYMRqAQeU,dsa,2024-05-15T09:30:02Z,Min Cost Climbing Stairs: 746 - meta leetcode question,54,Min Cost Climbing Stairs | LeetCode 746 DP,42,"Min Cost Climbing Stairs LeetCode 746 explained with a clear simple dynamic programming approach for coding interviews.

In this Destination FAANG walkthrough, you will learn how to recognize the pattern, build the solution step by step, and reason through an accessible LeetCode problem under interview pressure. The focus is on DSA fundamentals, clean problem-solving, and the kind of explanation expected in FAANG/MAANG technical interviews. Use this video to practice the problem, review the core idea, and strengthen your interview prep.

Subscribe to Destination FAANG and keep practicing one problem at a time.

#LeetCode #CodingInterview #DSA #FAANG #Algorithms",Front-loads the searchable topic and adds the core interview pattern while removing boilerplate and keyword stuffing.
AVsymWOY6fc,https://www.youtube.com/watch?v=AVsymWOY6fc,dsa,2024-05-13T09:30:01Z,Cheapest Flights Within K Stops: 787 - google interview question,64,Cheapest Flights Within K Stops | LeetCode 787,46,"Cheapest Flights Within K Stops LeetCode 787 explained with a clear graph shortest-path reasoning with stops approach for coding interviews.

In this Destination FAANG walkthrough, you will learn how to recognize the pattern, build the solution step by step, and reason through a hard LeetCode problem under interview pressure. The focus is on DSA fundamentals, clean problem-solving, and the kind of explanation expected in FAANG/MAANG technical interviews. Use this video to practice the problem, review the core idea, and strengthen your interview prep.

Subscribe to Destination FAANG and keep practicing one problem at a time.

#LeetCode #CodingInterview #DSA #FAANG #Algorithms",Front-loads the searchable topic and adds the core interview pattern while removing boilerplate and keyword stuffing.
WYHvHkh9kHQ,https://www.youtube.com/watch?v=WYHvHkh9kHQ,dsa,2024-05-10T09:30:12Z,Swim in Rising Water: 778 - google coding interview question,60,Swim in Rising Water | LeetCode 778 Graph Explained,51,"Swim in Rising Water LeetCode 778 explained with a clear graph search and path optimization approach for coding interviews.

In this Destination FAANG walkthrough, you will learn how to recognize the pattern, build the solution step by step, and reason through a hard LeetCode problem under interview pressure. The focus is on DSA fundamentals, clean problem-solving, and the kind of explanation expected in FAANG/MAANG technical interviews. Use this video to practice the problem, review the core idea, and strengthen your interview prep.

Subscribe to Destination FAANG and keep practicing one problem at a time.

#LeetCode #CodingInterview #DSA #FAANG #Algorithms",Front-loads the searchable topic and adds the core interview pattern while removing boilerplate and keyword stuffing.
QKRRjz4KMuE,https://www.youtube.com/watch?v=QKRRjz4KMuE,dsa,2024-05-08T09:30:08Z,Network Delay Time: 743 - meta coding interview question,56,Network Delay Time | LeetCode 743 Dijkstra Explained,52,"Network Delay Time LeetCode 743 explained with a clear Dijkstra's algorithm approach for coding interviews.

In this Destination FAANG walkthrough, you will learn how to recognize the pattern, build the solution step by step, and reason through a medium-level LeetCode problem under interview pressure. The focus is on DSA fundamentals, clean problem-solving, and the kind of explanation expected in FAANG/MAANG technical interviews. Use this video to practice the problem, review the core idea, and strengthen your interview prep.

Subscribe to Destination FAANG and keep practicing one problem at a time.

#LeetCode #CodingInterview #DSA #FAANG #Algorithms",Front-loads the searchable topic and adds the core interview pattern while removing boilerplate and keyword stuffing.
mvwrT2A4p60,https://www.youtube.com/watch?v=mvwrT2A4p60,dsa,2024-05-06T09:30:14Z,Min cost to connect all the points - faang interview questions,62,Min Cost to Connect Points | LeetCode 1584 MST,46,"Min Cost to Connect All Points LeetCode 1584 explained with a clear minimum spanning tree reasoning approach for coding interviews.

In this Destination FAANG walkthrough, you will learn how to recognize the pattern, build the solution step by step, and reason through a medium-level LeetCode problem under interview pressure. The focus is on DSA fundamentals, clean problem-solving, and the kind of explanation expected in FAANG/MAANG technical interviews. Use this video to practice the problem, review the core idea, and strengthen your interview prep.

Subscribe to Destination FAANG and keep practicing one problem at a time.

#LeetCode #CodingInterview #DSA #FAANG #Algorithms",Front-loads the searchable topic and adds the core interview pattern while removing boilerplate and keyword stuffing.
1_bfI1mi6mA,https://www.youtube.com/watch?v=1_bfI1mi6mA,dsa,2024-05-03T09:30:02Z,Reconstruct Itinerary: 332 - nvidia interview question,54,Reconstruct Itinerary | LeetCode 332 DFS Explained,50,"Reconstruct Itinerary LeetCode 332 explained with a clear DFS and itinerary reconstruction approach for coding interviews.

In this Destination FAANG walkthrough, you will learn how to recognize the pattern, build the solution step by step, and reason through a hard LeetCode problem under interview pressure. The focus is on DSA fundamentals, clean problem-solving, and the kind of explanation expected in FAANG/MAANG technical interviews. Use this video to practice the problem, review the core idea, and strengthen your interview prep.

Subscribe to Destination FAANG and keep practicing one problem at a time.

#LeetCode #CodingInterview #DSA #FAANG #Algorithms",Front-loads the searchable topic and adds the core interview pattern while removing boilerplate and keyword stuffing.
ctMC5TPuVnM,https://www.youtube.com/watch?v=ctMC5TPuVnM,dsa,2024-05-01T09:30:16Z,Redundant Connection: 684 - google interview question,53,Redundant Connection | LeetCode 684 Union Find,46,"Redundant Connection LeetCode 684 explained with a clear Union Find / Disjoint Set approach for coding interviews.

In this Destination FAANG walkthrough, you will learn how to recognize the pattern, build the solution step by step, and reason through a medium-level LeetCode problem under interview pressure. The focus is on DSA fundamentals, clean problem-solving, and the kind of explanation expected in FAANG/MAANG technical interviews. Use this video to practice the problem, review the core idea, and strengthen your interview prep.

Subscribe to Destination FAANG and keep practicing one problem at a time.

#LeetCode #CodingInterview #DSA #FAANG #Algorithms",Front-loads the searchable topic and adds the core interview pattern while removing boilerplate and keyword stuffing.
Dy-M-Suk8nk,https://www.youtube.com/watch?v=Dy-M-Suk8nk,dsa,2024-04-29T09:30:03Z,Max Area of Island: 695 - NVidia coding interview question,58,Max Area of Island | LeetCode 695 DFS Explained,47,"Max Area of Island LeetCode 695 explained with a clear DFS grid traversal approach for coding interviews.

In this Destination FAANG walkthrough, you will learn how to recognize the pattern, build the solution step by step, and reason through a medium-level LeetCode problem under interview pressure. The focus is on DSA fundamentals, clean problem-solving, and the kind of explanation expected in FAANG/MAANG technical interviews. Use this video to practice the problem, review the core idea, and strengthen your interview prep.

Subscribe to Destination FAANG and keep practicing one problem at a time.

#LeetCode #CodingInterview #DSA #FAANG #Algorithms",Front-loads the searchable topic and adds the core interview pattern while removing boilerplate and keyword stuffing.
wYv60DTtsto,https://www.youtube.com/watch?v=wYv60DTtsto,dsa,2024-04-27T09:30:15Z,Walls and Gates: 286 - google coding interview question,55,Walls and Gates | LeetCode 286 BFS Explained,44,"Walls and Gates LeetCode 286 explained with a clear multi-source BFS on grids approach for coding interviews.

In this Destination FAANG walkthrough, you will learn how to recognize the pattern, build the solution step by step, and reason through a medium-level LeetCode problem under interview pressure. The focus is on DSA fundamentals, clean problem-solving, and the kind of explanation expected in FAANG/MAANG technical interviews. Use this video to practice the problem, review the core idea, and strengthen your interview prep.

Subscribe to Destination FAANG and keep practicing one problem at a time.

#LeetCode #CodingInterview #DSA #FAANG #Algorithms",Front-loads the searchable topic and adds the core interview pattern while removing boilerplate and keyword stuffing.
1BlwbFfgk-E,https://www.youtube.com/watch?v=1BlwbFfgk-E,dsa,2024-04-25T09:30:00Z,Rotting Oranges: 994 - amazon coding interview question,55,Rotting Oranges | LeetCode 994 BFS Explained,44,"Rotting Oranges LeetCode 994 explained with a clear multi-source BFS approach for coding interviews.

In this Destination FAANG walkthrough, you will learn how to recognize the pattern, build the solution step by step, and reason through a medium-level LeetCode problem under interview pressure. The focus is on DSA fundamentals, clean problem-solving, and the kind of explanation expected in FAANG/MAANG technical interviews. Use this video to practice the problem, review the core idea, and strengthen your interview prep.

Subscribe to Destination FAANG and keep practicing one problem at a time.

#LeetCode #CodingInterview #DSA #FAANG #Algorithms",Front-loads the searchable topic and adds the core interview pattern while removing boilerplate and keyword stuffing.
yaBaE4fo6wA,https://www.youtube.com/watch?v=yaBaE4fo6wA,dsa,2024-04-23T09:30:17Z,Surrounded Regions: 130 - meta coding interview question,56,Surrounded Regions | LeetCode 130 DFS Explained,47,"Surrounded Regions LeetCode 130 explained with a clear DFS boundary traversal approach for coding interviews.

In this Destination FAANG walkthrough, you will learn how to recognize the pattern, build the solution step by step, and reason through a medium-level LeetCode problem under interview pressure. The focus is on DSA fundamentals, clean problem-solving, and the kind of explanation expected in FAANG/MAANG technical interviews. Use this video to practice the problem, review the core idea, and strengthen your interview prep.

Subscribe to Destination FAANG and keep practicing one problem at a time.

#LeetCode #CodingInterview #DSA #FAANG #Algorithms",Front-loads the searchable topic and adds the core interview pattern while removing boilerplate and keyword stuffing.
I6f8Za0vRxE,https://www.youtube.com/watch?v=I6f8Za0vRxE,dsa,2024-04-21T09:30:04Z,Combination Sum II: 40 - meta interview question,48,Combination Sum II | LeetCode 40 Backtracking,45,"Combination Sum II LeetCode 40 explained with a clear backtracking with duplicate handling approach for coding interviews.

In this Destination FAANG walkthrough, you will learn how to recognize the pattern, build the solution step by step, and reason through a medium-level LeetCode problem under interview pressure. The focus is on DSA fundamentals, clean problem-solving, and the kind of explanation expected in FAANG/MAANG technical interviews. Use this video to practice the problem, review the core idea, and strengthen your interview prep.

Subscribe to Destination FAANG and keep practicing one problem at a time.

#LeetCode #CodingInterview #DSA #FAANG #Algorithms",Front-loads the searchable topic and adds the core interview pattern while removing boilerplate and keyword stuffing.
MOrMPEq6P5w,https://www.youtube.com/watch?v=MOrMPEq6P5w,dsa,2024-04-19T10:30:05Z,"N-Queens: 51 - google, meta interview question",46,N-Queens | LeetCode 51 Backtracking Explained,45,"N-Queens LeetCode 51 explained with a clear backtracking and constraint checks approach for coding interviews.

In this Destination FAANG walkthrough, you will learn how to recognize the pattern, build the solution step by step, and reason through a hard LeetCode problem under interview pressure. The focus is on DSA fundamentals, clean problem-solving, and the kind of explanation expected in FAANG/MAANG technical interviews. Use this video to practice the problem, review the core idea, and strengthen your interview prep.

Subscribe to Destination FAANG and keep practicing one problem at a time.

#LeetCode #CodingInterview #DSA #FAANG #Algorithms",Front-loads the searchable topic and adds the core interview pattern while removing boilerplate and keyword stuffing.
GPigeECXWZE,https://www.youtube.com/watch?v=GPigeECXWZE,dsa,2024-04-17T09:30:03Z,Subsets II: 90 - nvidia interview question,42,Subsets II | LeetCode 90 Backtracking Explained,47,"Subsets II LeetCode 90 explained with a clear backtracking with duplicates approach for coding interviews.

In this Destination FAANG walkthrough, you will learn how to recognize the pattern, build the solution step by step, and reason through a medium-level LeetCode problem under interview pressure. The focus is on DSA fundamentals, clean problem-solving, and the kind of explanation expected in FAANG/MAANG technical interviews. Use this video to practice the problem, review the core idea, and strengthen your interview prep.

Subscribe to Destination FAANG and keep practicing one problem at a time.

#LeetCode #CodingInterview #DSA #FAANG #Algorithms",Front-loads the searchable topic and adds the core interview pattern while removing boilerplate and keyword stuffing.
_et0UKwhozU,https://www.youtube.com/watch?v=_et0UKwhozU,dsa,2024-04-15T09:30:11Z,Backtracking full course for technical interviews,49,Backtracking for Coding Interviews | Full Course,48,"Backtracking for coding interviews gets a complete interview-focused roadmap for mastering the topic and solving LeetCode-style problems.

In this Destination FAANG full course, you will learn the core concepts, common patterns, and problem-solving strategies behind recursion, constraints, and LeetCode backtracking patterns. The video is built for DSA practice, technical interview prep, and FAANG/MAANG candidates who want a structured way to improve. Use it to review fundamentals, connect patterns across questions, and build confidence before your next coding interview.

Subscribe to Destination FAANG and practice consistently with the full interview-prep playlist.

#DSA #CodingInterview #LeetCode #FAANG #Programming",Front-loads the searchable topic and adds the core interview pattern while removing boilerplate and keyword stuffing.
NWe3W2bMVAU,https://www.youtube.com/watch?v=NWe3W2bMVAU,dsa,2024-04-12T10:30:09Z,Palindrome Partitioning: 131 - meta interview question,54,Palindrome Partitioning | LeetCode 131 Backtracking,51,"Palindrome Partitioning LeetCode 131 explained with a clear backtracking and palindrome checks approach for coding interviews.

In this Destination FAANG walkthrough, you will learn how to recognize the pattern, build the solution step by step, and reason through a medium-level LeetCode problem under interview pressure. The focus is on DSA fundamentals, clean problem-solving, and the kind of explanation expected in FAANG/MAANG technical interviews. Use this video to practice the problem, review the core idea, and strengthen your interview prep.

Subscribe to Destination FAANG and keep practicing one problem at a time.

#LeetCode #CodingInterview #DSA #FAANG #Algorithms",Front-loads the searchable topic and adds the core interview pattern while removing boilerplate and keyword stuffing.
_tgwDDWuU-Q,https://www.youtube.com/watch?v=_tgwDDWuU-Q,dsa,2024-04-10T09:30:08Z,Permutations: 46 - google leetcode interview question,53,Permutations | LeetCode 46 Backtracking Explained,49,"Permutations LeetCode 46 explained with a clear backtracking recursion approach for coding interviews.

In this Destination FAANG walkthrough, you will learn how to recognize the pattern, build the solution step by step, and reason through a medium-level LeetCode problem under interview pressure. The focus is on DSA fundamentals, clean problem-solving, and the kind of explanation expected in FAANG/MAANG technical interviews. Use this video to practice the problem, review the core idea, and strengthen your interview prep.

Subscribe to Destination FAANG and keep practicing one problem at a time.

#LeetCode #CodingInterview #DSA #FAANG #Algorithms",Front-loads the searchable topic and adds the core interview pattern while removing boilerplate and keyword stuffing.
OQKWzRJYtwg,https://www.youtube.com/watch?v=OQKWzRJYtwg,dsa,2024-04-08T09:30:05Z,Subsets: 78 - meta interview question,37,Subsets | LeetCode 78 Backtracking Explained,44,"Subsets LeetCode 78 explained with a clear backtracking and recursion approach for coding interviews.

In this Destination FAANG walkthrough, you will learn how to recognize the pattern, build the solution step by step, and reason through a medium-level LeetCode problem under interview pressure. The focus is on DSA fundamentals, clean problem-solving, and the kind of explanation expected in FAANG/MAANG technical interviews. Use this video to practice the problem, review the core idea, and strengthen your interview prep.

Subscribe to Destination FAANG and keep practicing one problem at a time.

#LeetCode #CodingInterview #DSA #FAANG #Algorithms",Front-loads the searchable topic and adds the core interview pattern while removing boilerplate and keyword stuffing.
1G6W6erLpyU,https://www.youtube.com/watch?v=1G6W6erLpyU,misc,2024-04-05T09:30:00Z,My TD interview experience - 100% honest,40,TD Bank Interview Experience | Honest Tech Career Story,55,"TD Bank interview experience shared honestly for candidates preparing for bank, tech, and software interviews.

In this Destination FAANG career video, you will hear a practical interview experience and what to think about when preparing for similar roles. The focus is on lessons you can apply to your own job search, interview preparation, and career decision-making without hype. Watch it if you are comparing opportunities, preparing for behavioral rounds, or learning how real interview processes can feel.

Subscribe to Destination FAANG for more interview prep, career stories, and coding practice.

#InterviewExperience #CareerAdvice #TechCareers #SoftwareEngineer #FAANG",Front-loads the searchable topic and adds the core interview pattern while removing boilerplate and keyword stuffing.
IcjlqToRGWI,https://www.youtube.com/watch?v=IcjlqToRGWI,dsa,2024-04-03T09:30:06Z,Task Scheduler: 621 - nvidia - meta interview question,54,Task Scheduler | LeetCode 621 Heap Explained,44,"Task Scheduler LeetCode 621 explained with a clear heap / priority queue scheduling approach for coding interviews.

In this Destination FAANG walkthrough, you will learn how to recognize the pattern, build the solution step by step, and reason through a medium-level LeetCode problem under interview pressure. The focus is on DSA fundamentals, clean problem-solving, and the kind of explanation expected in FAANG/MAANG technical interviews. Use this video to practice the problem, review the core idea, and strengthen your interview prep.

Subscribe to Destination FAANG and keep practicing one problem at a time.

#LeetCode #CodingInterview #DSA #FAANG #Algorithms",Front-loads the searchable topic and adds the core interview pattern while removing boilerplate and keyword stuffing.
i7Mt70QERw4,https://www.youtube.com/watch?v=i7Mt70QERw4,dsa,2024-04-01T09:30:10Z,Kth Largest Element in a Stream: 703 - google interview question,64,Kth Largest Element in a Stream | LeetCode 703 (Easy),53,"Kth Largest Element in a Stream gets a clear, interview-focused walkthrough so you can recognize the pattern and solve it confidently.

In this Destination FAANG lesson, you’ll learn maintaining the kth largest value as new numbers arrive and see why a min heap / priority queue pattern matters for technical interviews. The explanation is built for DSA and LeetCode practice, with emphasis on clean problem solving, pattern recognition, and FAANG/MAANG-style interview preparation.

Subscribe to Destination FAANG and practice the pattern after watching.
#LeetCode #Heap #PriorityQueue #CodingInterview #FAANG",Front-loads the exact LeetCode problem name and adds heap keywords for search intent.
RLyF_-4Izg0,https://www.youtube.com/watch?v=RLyF_-4Izg0,dsa,2024-03-30T09:30:13Z,K Closest Points to Origin: 973 - amazon interview question,59,K Closest Points to Origin | LeetCode 973 (Medium),50,"K Closest Points to Origin gets a clear, interview-focused walkthrough so you can recognize the pattern and solve it confidently.

In this Destination FAANG lesson, you’ll learn selecting the nearest points efficiently without overcomplicating the solution and see why heap and priority queue thinking matters for technical interviews. The explanation is built for DSA and LeetCode practice, with emphasis on clean problem solving, pattern recognition, and FAANG/MAANG-style interview preparation.

Subscribe to Destination FAANG and practice the pattern after watching.
#LeetCode #Heap #PriorityQueue #Algorithms #FAANG","Uses the searchable problem name, number, and difficulty while emphasizing the heap pattern."
99l7goR4y0U,https://www.youtube.com/watch?v=99l7goR4y0U,dsa,2024-03-28T10:30:02Z,Employee Free Time: 759 - meta interview question,49,Employee Free Time | LeetCode 759 (Hard),40,"Employee Free Time gets a clear, interview-focused walkthrough so you can recognize the pattern and solve it confidently.

In this Destination FAANG lesson, you’ll learn finding common free intervals across employee schedules and see why interval merging with heap-style scheduling ideas matters for technical interviews. The explanation is built for DSA and LeetCode practice, with emphasis on clean problem solving, pattern recognition, and FAANG/MAANG-style interview preparation.

Subscribe to Destination FAANG and practice the pattern after watching.
#LeetCode #Heap #Intervals #CodingInterview #FAANG",Makes the hard LeetCode keyword clear and ties it to interval/heap search terms.
h30dpA8_rsQ,https://www.youtube.com/watch?v=h30dpA8_rsQ,dsa,2024-03-26T09:30:23Z,Heap full course for technical interviews,41,Heap & Priority Queue Full Course for Interviews,48,"Heap and Priority Queue is broken down in a full interview-prep course designed to make the core pattern easier to apply.

This Destination FAANG guide covers how heaps work, when to use priority queues, and why they optimize many interview solutions. You’ll build stronger DSA fundamentals through heap operations, priority ordering, and common interview patterns, so you can approach LeetCode and technical interview questions with more confidence. Ideal for candidates preparing for FAANG/MAANG-style coding rounds.

Subscribe to Destination FAANG and practice each concept as you watch.
#Heap #PriorityQueue #DSA #CodingInterview #FAANG",Repositions the course around high-volume heap and priority queue interview searches.
kmUL7CAOSwc,https://www.youtube.com/watch?v=kmUL7CAOSwc,dsa,2024-03-24T09:30:10Z,Kth Largest Element in an Array: 215 - meta interview question,62,Kth Largest Element in an Array | LeetCode 215 (Medium),55,"Kth Largest Element in an Array gets a clear, interview-focused walkthrough so you can recognize the pattern and solve it confidently.

In this Destination FAANG lesson, you’ll learn finding the kth largest value in an unsorted array and see why heap-based selection and priority queue reasoning matters for technical interviews. The explanation is built for DSA and LeetCode practice, with emphasis on clean problem solving, pattern recognition, and FAANG/MAANG-style interview preparation.

Subscribe to Destination FAANG and practice the pattern after watching.
#LeetCode #Heap #Array #CodingInterview #FAANG",Leads with the exact problem name and adds the main array/heap concepts for discovery.
xq4RoS0vVfM,https://www.youtube.com/watch?v=xq4RoS0vVfM,dsa,2024-03-22T09:30:19Z,Last Stone Weight: 1046 - google interview question,51,Last Stone Weight | LeetCode 1046 (Easy),40,"Last Stone Weight gets a clear, interview-focused walkthrough so you can recognize the pattern and solve it confidently.

In this Destination FAANG lesson, you’ll learn simulating repeated stone collisions while tracking the current heaviest values and see why a max heap / priority queue approach matters for technical interviews. The explanation is built for DSA and LeetCode practice, with emphasis on clean problem solving, pattern recognition, and FAANG/MAANG-style interview preparation.

Subscribe to Destination FAANG and practice the pattern after watching.
#LeetCode #Heap #PriorityQueue #Algorithms #FAANG",Converts a company-focused title into a concise keyword-first LeetCode title.
esZ4vvjwW6E,https://www.youtube.com/watch?v=esZ4vvjwW6E,system-design,2024-03-20T09:30:11Z,Design Twitter - System design | leetcode,41,Design Twitter | System Design Interview Explained,50,"Design Twitter gets a clear, interview-focused walkthrough so you can recognize the pattern and solve it confidently.

In this Destination FAANG lesson, you’ll learn thinking through a Twitter-style product design question for interviews and see why system design fundamentals for feeds, users, and scalable feature planning matters for technical interviews. The explanation is built for DSA and LeetCode practice, with emphasis on clean problem solving, pattern recognition, and FAANG/MAANG-style interview preparation.

Subscribe to Destination FAANG and practice the pattern after watching.
#SystemDesign #InterviewPrep #LeetCode #FAANG #SoftwareEngineering",Front-loads the system design topic and removes misleading generic DSA keyword stuffing.
TDjuWLwDPLQ,https://www.youtube.com/watch?v=TDjuWLwDPLQ,dsa,2024-03-18T11:30:18Z,Binary search algorithm full course for technical interviews,60,Binary Search Full Course for Coding Interviews,47,"Binary Search is broken down in a full interview-prep course designed to make the core pattern easier to apply.

This Destination FAANG guide covers the binary search coding pattern and how to apply it in interview problems. You’ll build stronger DSA fundamentals through search-space reduction, boundaries, and sorted-data reasoning, so you can approach LeetCode and technical interview questions with more confidence. Ideal for candidates preparing for FAANG/MAANG-style coding rounds.

Subscribe to Destination FAANG and practice each concept as you watch.
#BinarySearch #DSA #LeetCode #CodingInterview #FAANG",Targets the broad binary search course keyword while preserving the interview benefit.
AiCPoU8q2sU,https://www.youtube.com/watch?v=AiCPoU8q2sU,dsa,2024-03-16T09:30:05Z,Count Good Nodes in Binary Tree: 1448 - google interview question,65,Count Good Nodes in Binary Tree | LeetCode 1448 (Medium),56,"Count Good Nodes in Binary Tree gets a clear, interview-focused walkthrough so you can recognize the pattern and solve it confidently.

In this Destination FAANG lesson, you’ll learn counting good nodes by comparing each node with values seen on its path and see why binary tree traversal and DFS reasoning matters for technical interviews. The explanation is built for DSA and LeetCode practice, with emphasis on clean problem solving, pattern recognition, and FAANG/MAANG-style interview preparation.

Subscribe to Destination FAANG and practice the pattern after watching.
#LeetCode #BinaryTree #DFS #CodingInterview #FAANG",Adds the exact LeetCode identifier and DFS/tree terms people search for.
4lMY-g0Afg8,https://www.youtube.com/watch?v=4lMY-g0Afg8,dsa,2024-03-15T09:30:01Z,Binary Tree Right Side View: 199 - nvidia interview question,60,Binary Tree Right Side View | LeetCode 199,42,"Binary Tree Right Side View gets a clear, interview-focused walkthrough so you can recognize the pattern and solve it confidently.

In this Destination FAANG lesson, you’ll learn capturing the nodes visible from the right side of a binary tree and see why binary tree traversal with BFS or DFS-style level reasoning matters for technical interviews. The explanation is built for DSA and LeetCode practice, with emphasis on clean problem solving, pattern recognition, and FAANG/MAANG-style interview preparation.

Subscribe to Destination FAANG and practice the pattern after watching.
#LeetCode #BinaryTree #BFS #DFS #FAANG",Keeps the exact problem name up front and highlights tree traversal intent.
gu5rAEvm9Fk,https://www.youtube.com/watch?v=gu5rAEvm9Fk,dsa,2024-03-14T09:30:08Z,Balanced Binary Tree: 110 - meta interview question,51,Balanced Binary Tree | LeetCode 110 (Easy),42,"Balanced Binary Tree gets a clear, interview-focused walkthrough so you can recognize the pattern and solve it confidently.

In this Destination FAANG lesson, you’ll learn checking whether a binary tree stays height-balanced and see why recursive tree height calculation and DFS matters for technical interviews. The explanation is built for DSA and LeetCode practice, with emphasis on clean problem solving, pattern recognition, and FAANG/MAANG-style interview preparation.

Subscribe to Destination FAANG and practice the pattern after watching.
#LeetCode #BinaryTree #DFS #CodingInterview #FAANG",Turns the title into a clean LeetCode search phrase with the core DFS concept.
VZCWLZ5PvKM,https://www.youtube.com/watch?v=VZCWLZ5PvKM,dsa,2024-03-12T09:30:17Z,Find Leaves of Binary Tree: 366 - apple interview question,58,Find Leaves of Binary Tree | LeetCode 366,41,"Find Leaves of Binary Tree gets a clear, interview-focused walkthrough so you can recognize the pattern and solve it confidently.

In this Destination FAANG lesson, you’ll learn grouping binary tree leaves by removal rounds and see why DFS, height labeling, and postorder traversal reasoning matters for technical interviews. The explanation is built for DSA and LeetCode practice, with emphasis on clean problem solving, pattern recognition, and FAANG/MAANG-style interview preparation.

Subscribe to Destination FAANG and practice the pattern after watching.
#LeetCode #BinaryTree #DFS #Algorithms #FAANG",Front-loads the premium-style problem name and adds traversal keywords.
DpyCkHMlxLc,https://www.youtube.com/watch?v=DpyCkHMlxLc,dsa,2024-03-10T09:00:08Z,Diameter of Binary Tree: 543 - technical interview question,59,Diameter of Binary Tree | LeetCode 543 (Easy),45,"Diameter of Binary Tree gets a clear, interview-focused walkthrough so you can recognize the pattern and solve it confidently.

In this Destination FAANG lesson, you’ll learn measuring the longest path between nodes in a binary tree and see why DFS height calculation and path-length tracking matters for technical interviews. The explanation is built for DSA and LeetCode practice, with emphasis on clean problem solving, pattern recognition, and FAANG/MAANG-style interview preparation.

Subscribe to Destination FAANG and practice the pattern after watching.
#LeetCode #BinaryTree #DFS #CodingInterview #FAANG","Improves search clarity by naming the problem, number, difficulty, and DFS technique."
Lu3if4xOA1s,https://www.youtube.com/watch?v=Lu3if4xOA1s,dsa,2024-03-09T10:00:13Z,Find the Duplicate Number: 287 - nvidia interview question,58,Find the Duplicate Number | LeetCode 287,40,"Find the Duplicate Number gets a clear, interview-focused walkthrough so you can recognize the pattern and solve it confidently.

In this Destination FAANG lesson, you’ll learn detecting a repeated number in an array-style interview problem and see why linked-list cycle thinking and efficient duplicate detection matters for technical interviews. The explanation is built for DSA and LeetCode practice, with emphasis on clean problem solving, pattern recognition, and FAANG/MAANG-style interview preparation.

Subscribe to Destination FAANG and practice the pattern after watching.
#LeetCode #Array #LinkedList #CodingInterview #FAANG",Uses the exact problem keyword and aligns with the linked-list tag in the source.
aoT-4CQUF6c,https://www.youtube.com/watch?v=aoT-4CQUF6c,dsa,2024-03-08T20:41:51Z,How to get IT jobs - full guide with great resources,52,How to Get IT Jobs | Career Roadmap & Resources,47,"How to Get IT Jobs starts here with a practical roadmap for breaking into tech and preparing with the right resources.

This Destination FAANG career guide explains practical guidance, preparation resources, and career advice from an experienced IT professional. You’ll get a clearer view of skills, preparation strategy, and job-search planning so you can plan your learning path, portfolio, applications, and interview preparation with more confidence.

Subscribe to Destination FAANG for more tech career and interview-prep content.
#ITJobs #CareerAdvice #TechCareers #SoftwareEngineering #FAANG",Reframes the livestream as a searchable IT career roadmap with resource-driven value.
pQG3uB2G_mY,https://www.youtube.com/watch?v=pQG3uB2G_mY,misc,2024-03-07T07:22:30Z,"Code art that will put you in trance - asmr, relax",50,Relaxing Code Art Patterns | ASMR Programming,45,"Relaxing Code Art Patterns combines programming visuals with a relaxing hook for viewers who enjoy creative coding and satisfying loops.

This Destination FAANG video features aesthetic, mesmerizing programming-generated visuals for relaxation and focus. It’s a lighter creative-coding break from interview prep, showing how code can produce creative coding patterns, colors, and meditative visual loops while still appealing to programmers, students, and tech-curious viewers.

Subscribe to Destination FAANG for coding, tech, and creative programming content.
#CodeArt #Programming #ASMR #CreativeCoding #Relaxing","Moves the strongest searchable terms—code art, ASMR, relaxing patterns—to the front."
kfvC6b9wA6c,https://www.youtube.com/watch?v=kfvC6b9wA6c,misc,2024-03-06T06:07:33Z,Cool pattern - this will get stuck in your head,47,Mesmerizing Pygame Pattern | Satisfying Code Art,48,"Mesmerizing Pygame Pattern combines programming visuals with a relaxing hook for viewers who enjoy creative coding and satisfying loops.

This Destination FAANG video features an immersive bouncing-ball style pattern whose speed changes with boundary hits. It’s a lighter creative-coding break from interview prep, showing how code can produce simple Pygame creative coding and satisfying visual motion while still appealing to programmers, students, and tech-curious viewers.

Subscribe to Destination FAANG for coding, tech, and creative programming content.
#Pygame #CodeArt #CreativeCoding #Programming #Satisfying",Adds Pygame and code art keywords from the description for better niche discovery.
u08L8DaDoOU,https://www.youtube.com/watch?v=u08L8DaDoOU,dsa,2024-03-05T10:00:40Z,Time Based Key-Value Store: 981 - faang interview question,58,Time Based Key-Value Store | LeetCode 981,41,"Time Based Key-Value Store gets a clear, interview-focused walkthrough so you can recognize the pattern and solve it confidently.

In this Destination FAANG lesson, you’ll learn building a key-value store that can return values by timestamp and see why binary search over stored timestamped values matters for technical interviews. The explanation is built for DSA and LeetCode practice, with emphasis on clean problem solving, pattern recognition, and FAANG/MAANG-style interview preparation.

Subscribe to Destination FAANG and practice the pattern after watching.
#LeetCode #BinarySearch #HashMap #CodingInterview #FAANG",Combines the exact problem keyword with binary search and data-structure terms.
3m3QZeiH3KI,https://www.youtube.com/watch?v=3m3QZeiH3KI,dsa,2024-03-03T10:00:04Z,Koko Eating Bananas: 875 - meta leetcode question,49,Koko Eating Bananas | LeetCode 875,34,"Koko Eating Bananas gets a clear, interview-focused walkthrough so you can recognize the pattern and solve it confidently.

In this Destination FAANG lesson, you’ll learn finding the minimum eating speed that satisfies the time constraint and see why binary search on the answer space matters for technical interviews. The explanation is built for DSA and LeetCode practice, with emphasis on clean problem solving, pattern recognition, and FAANG/MAANG-style interview preparation.

Subscribe to Destination FAANG and practice the pattern after watching.
#LeetCode #BinarySearch #Algorithms #CodingInterview #FAANG",Highlights the recognizable LeetCode title and the key binary-search-on-answer pattern.
dP4cb8zbohY,https://www.youtube.com/watch?v=dP4cb8zbohY,dsa,2024-03-01T10:00:27Z,"Search a 2D Matrix: 74 -  amazon, google interview question",59,Search a 2D Matrix | LeetCode 74,32,"Search a 2D Matrix gets a clear, interview-focused walkthrough so you can recognize the pattern and solve it confidently.

In this Destination FAANG lesson, you’ll learn searching a matrix efficiently by treating the structure like ordered data and see why binary search and careful index conversion matters for technical interviews. The explanation is built for DSA and LeetCode practice, with emphasis on clean problem solving, pattern recognition, and FAANG/MAANG-style interview preparation.

Subscribe to Destination FAANG and practice the pattern after watching.
#LeetCode #BinarySearch #Matrix #CodingInterview #FAANG",Makes the title concise and keyword-first while adding matrix/binary search relevance.
t3yPHFyKxr4,https://www.youtube.com/watch?v=t3yPHFyKxr4,dsa,2024-02-29T10:00:46Z,Binary Search: Explained,24,Binary Search Explained | Interview Pattern,43,"Binary Search Explained gets a clear, interview-focused walkthrough so you can recognize the pattern and solve it confidently.

In this Destination FAANG lesson, you’ll learn the core binary search idea used across many technical interview questions and see why left/right boundaries, mid calculation, and sorted search reasoning matters for technical interviews. The explanation is built for DSA and LeetCode practice, with emphasis on clean problem solving, pattern recognition, and FAANG/MAANG-style interview preparation.

Subscribe to Destination FAANG and practice the pattern after watching.
#BinarySearch #DSA #LeetCode #CodingInterview #FAANG",Targets a broad educational search query and clarifies the interview pattern benefit.
SyDmmNQFW_I,https://www.youtube.com/watch?v=SyDmmNQFW_I,dsa,2024-02-28T10:00:18Z,Max Stack: 716 - leetcode premium LinkedIn interview question,61,Max Stack | LeetCode 716 (Hard),31,"Max Stack gets a clear, interview-focused walkthrough so you can recognize the pattern and solve it confidently.

In this Destination FAANG lesson, you’ll learn designing a stack that can also return and remove maximum values and see why stack design and data-structure tradeoffs matters for technical interviews. The explanation is built for DSA and LeetCode practice, with emphasis on clean problem solving, pattern recognition, and FAANG/MAANG-style interview preparation.

Subscribe to Destination FAANG and practice the pattern after watching.
#LeetCode #Stack #Design #CodingInterview #FAANG",Shortens the title to the exact premium problem query and adds design/stack intent.
qfySndB002U,https://www.youtube.com/watch?v=qfySndB002U,misc,2024-02-27T10:00:37Z,Bouncing DVD Logo nostalgia screensaver - 11 hours,50,"Bouncing DVD Logo Screensaver | 11 Hours, No Loop",49,"Bouncing DVD Logo Screensaver combines programming visuals with a relaxing hook for viewers who enjoy creative coding and satisfying loops.

This Destination FAANG video features an 11-hour modern 60fps 16:9 DVD logo screensaver made with Pygame code. It’s a lighter creative-coding break from interview prep, showing how code can produce nostalgic screensaver visuals and long-form ambient playback while still appealing to programmers, students, and tech-curious viewers.

Subscribe to Destination FAANG for coding, tech, and creative programming content.
#DVDLogo #Screensaver #Pygame #Nostalgia #CodeArt",Front-loads the nostalgic DVD screensaver keyword and preserves the 11-hour/no-loop hook.
GrSL3c8G6k8,https://www.youtube.com/watch?v=GrSL3c8G6k8,dsa,2024-02-26T10:00:08Z,Longest Valid Parentheses: 32 - google interview question,57,Longest Valid Parentheses | LeetCode 32 (Hard),46,"Longest Valid Parentheses gets a clear, interview-focused walkthrough so you can recognize the pattern and solve it confidently.

In this Destination FAANG lesson, you’ll learn finding the longest well-formed parentheses substring and see why stack-based reasoning for matching and measuring valid ranges matters for technical interviews. The explanation is built for DSA and LeetCode practice, with emphasis on clean problem solving, pattern recognition, and FAANG/MAANG-style interview preparation.

Subscribe to Destination FAANG and practice the pattern after watching.
#LeetCode #Stack #String #CodingInterview #FAANG",Uses the exact hard problem title and adds stack/string keywords for search.
h9skhJ_UZQo,https://www.youtube.com/watch?v=h9skhJ_UZQo,dsa,2024-02-25T10:00:33Z,Minimum Remove to Make Valid Parentheses 1249   facebook most asked interview question,86,Minimum Remove Valid Parentheses | LeetCode 1249,48,"Minimum Remove to Make Valid Parentheses gets a clear, interview-focused walkthrough so you can recognize the pattern and solve it confidently.

In this Destination FAANG lesson, you’ll learn removing the fewest invalid parentheses so the string becomes valid and see why stack-based validation and cleanup of unmatched characters matters for technical interviews. The explanation is built for DSA and LeetCode practice, with emphasis on clean problem solving, pattern recognition, and FAANG/MAANG-style interview preparation.

Subscribe to Destination FAANG and practice the pattern after watching.
#LeetCode #Stack #String #CodingInterview #FAANG",Condenses a long title while keeping the searchable LeetCode 1249 phrase.
IasMlShanvc,https://www.youtube.com/watch?v=IasMlShanvc,dsa,2024-02-24T10:00:20Z,Largest Rectangle in Histogram: 84 - technical interview question,65,Largest Rectangle in Histogram | LeetCode 84,44,"Largest Rectangle in Histogram gets a clear, interview-focused walkthrough so you can recognize the pattern and solve it confidently.

In this Destination FAANG lesson, you’ll learn finding the maximum rectangle area in a histogram and see why monotonic stack reasoning for nearest smaller boundaries matters for technical interviews. The explanation is built for DSA and LeetCode practice, with emphasis on clean problem solving, pattern recognition, and FAANG/MAANG-style interview preparation.

Subscribe to Destination FAANG and practice the pattern after watching.
#LeetCode #Stack #MonotonicStack #Algorithms #FAANG",Adds the high-intent monotonic stack keyword to a concise problem-first title.
TPSiTAFhszA,https://www.youtube.com/watch?v=TPSiTAFhszA,dsa,2024-02-23T10:00:19Z,Car Fleet: 853 - AWESOME google interview question,50,Car Fleet | LeetCode 853 (Medium),33,"Car Fleet gets a clear, interview-focused walkthrough so you can recognize the pattern and solve it confidently.

In this Destination FAANG lesson, you’ll learn counting how many fleets reach the target based on position and speed and see why sorting plus stack-style comparison of arrival times matters for technical interviews. The explanation is built for DSA and LeetCode practice, with emphasis on clean problem solving, pattern recognition, and FAANG/MAANG-style interview preparation.

Subscribe to Destination FAANG and practice the pattern after watching.
#LeetCode #Stack #Sorting #CodingInterview #FAANG","Removes hype wording and focuses on the exact problem, number, and technique."
jmuo4BBfl3I,https://www.youtube.com/watch?v=jmuo4BBfl3I,dsa,2024-02-22T10:00:39Z,"Daily Temperatures: 739 - technical interview question @ google, apple, amazon, meta, microsoft",95,Daily Temperatures | LeetCode 739,33,"Daily Temperatures gets a clear, interview-focused walkthrough so you can recognize the pattern and solve it confidently.

In this Destination FAANG lesson, you’ll learn finding how many days until a warmer temperature for each day and see why monotonic stack reasoning for next greater elements matters for technical interviews. The explanation is built for DSA and LeetCode practice, with emphasis on clean problem solving, pattern recognition, and FAANG/MAANG-style interview preparation.

Subscribe to Destination FAANG and practice the pattern after watching.
#LeetCode #Stack #MonotonicStack #CodingInterview #FAANG",Front-loads the exact title and adds next-greater/monotonic stack search relevance.
GIYk1wit12k,https://www.youtube.com/watch?v=GIYk1wit12k,dsa,2024-02-21T04:29:04Z,Sliding Window Maximum: 239 - sliding window technical interview question,73,Sliding Window Maximum | LeetCode 239 (Hard),44,"Sliding Window Maximum gets a clear, interview-focused walkthrough so you can recognize the pattern and solve it confidently.

In this Destination FAANG lesson, you’ll learn tracking the maximum value in every moving window efficiently and see why sliding window with deque-style queue reasoning matters for technical interviews. The explanation is built for DSA and LeetCode practice, with emphasis on clean problem solving, pattern recognition, and FAANG/MAANG-style interview preparation.

Subscribe to Destination FAANG and practice the pattern after watching.
#LeetCode #SlidingWindow #Queue #Algorithms #FAANG",Pairs the hard LeetCode query with sliding window and queue keywords.
vDRZN5i4b8U,https://www.youtube.com/watch?v=vDRZN5i4b8U,dsa,2024-02-18T20:21:00Z,Evaluate Reverse Polish Notation: 150 - stack technical interview question,74,Evaluate Reverse Polish Notation | LeetCode 150,47,"Evaluate Reverse Polish Notation gets a clear, interview-focused walkthrough so you can recognize the pattern and solve it confidently.

In this Destination FAANG lesson, you’ll learn evaluating postfix expressions one token at a time and see why stack operations for operands and operators matters for technical interviews. The explanation is built for DSA and LeetCode practice, with emphasis on clean problem solving, pattern recognition, and FAANG/MAANG-style interview preparation.

Subscribe to Destination FAANG and practice the pattern after watching.
#LeetCode #Stack #CodingInterview #Algorithms #FAANG",Keeps the exact RPN problem name early and reinforces the stack technique.
mIorIJvhl8E,https://www.youtube.com/watch?v=mIorIJvhl8E,dsa,2024-02-17T17:51:00Z,Permutation in String: 567 - sliding window technical interview question,72,Permutation in String | LeetCode 567,36,"Permutation in String gets a clear, interview-focused walkthrough so you can recognize the pattern and solve it confidently.

In this Destination FAANG lesson, you’ll learn checking whether one string contains a permutation of another and see why sliding window with character counts matters for technical interviews. The explanation is built for DSA and LeetCode practice, with emphasis on clean problem solving, pattern recognition, and FAANG/MAANG-style interview preparation.

Subscribe to Destination FAANG and practice the pattern after watching.
#LeetCode #SlidingWindow #String #CodingInterview #FAANG",Targets the exact LeetCode query and the key sliding window pattern.
cAMvtRpw-4A,https://www.youtube.com/watch?v=cAMvtRpw-4A,misc,2024-02-15T22:45:21Z,SORA - Open AI text prompt to video - Explained,47,Sora by OpenAI Explained | Text-to-Video AI,43,"Sora by OpenAI Explained is explained in a clear, beginner-friendly way for developers and tech learners who want the key ideas fast.

In this Destination FAANG video, you’ll learn what OpenAI's Sora text-to-video model is and why it matters and understand AI video generation from text prompts and realistic scene creation. The goal is to make modern technology easier to follow while connecting it back to software engineering, interviews, and real-world career growth.

Subscribe to Destination FAANG for more tech explainers and career-focused learning.
#Sora #OpenAI #AI #TextToVideo #TechExplained","Uses current searchable AI terms—Sora, OpenAI, text-to-video—without overclaiming."
NeSeH2ECZUw,https://www.youtube.com/watch?v=NeSeH2ECZUw,dsa,2024-02-15T10:00:13Z,"Symmetric Tree: 101 - technical interview - google, apple, amazon, meta, microsoft",82,Symmetric Tree | LeetCode 101 (Easy),36,"Symmetric Tree gets a clear, interview-focused walkthrough so you can recognize the pattern and solve it confidently.

In this Destination FAANG lesson, you’ll learn checking whether a binary tree mirrors itself correctly and see why recursive tree comparison and traversal reasoning matters for technical interviews. The explanation is built for DSA and LeetCode practice, with emphasis on clean problem solving, pattern recognition, and FAANG/MAANG-style interview preparation.

Subscribe to Destination FAANG and practice the pattern after watching.
#LeetCode #BinaryTree #DFS #CodingInterview #FAANG",Simplifies the title around the exact problem and tree traversal intent.
Pf_1Ox9ud_w,https://www.youtube.com/watch?v=Pf_1Ox9ud_w,dsa,2024-02-14T10:00:27Z,Worst leetcode hard problem - Text Justification : 68,53,Text Justification | LeetCode 68 (Hard),39,"Text Justification gets a clear, interview-focused walkthrough so you can recognize the pattern and solve it confidently.

In this Destination FAANG lesson, you’ll learn formatting words into fully justified text lines and see why string simulation, spacing rules, and edge-case handling matters for technical interviews. The explanation is built for DSA and LeetCode practice, with emphasis on clean problem solving, pattern recognition, and FAANG/MAANG-style interview preparation.

Subscribe to Destination FAANG and practice the pattern after watching.
#LeetCode #String #Algorithms #CodingInterview #FAANG",Replaces subjective wording with a clean hard-problem keyword title.
To2iap-ac3g,https://www.youtube.com/watch?v=To2iap-ac3g,dsa,2024-02-13T10:00:19Z,"Min Stack: 155 - stack technical interview question @ google, apple, amazon, meta, microsoft",92,Min Stack | LeetCode 155 (Medium),33,"Min Stack gets a clear, interview-focused walkthrough so you can recognize the pattern and solve it confidently.

In this Destination FAANG lesson, you’ll learn designing a stack that supports retrieving the minimum efficiently and see why stack design with minimum tracking matters for technical interviews. The explanation is built for DSA and LeetCode practice, with emphasis on clean problem solving, pattern recognition, and FAANG/MAANG-style interview preparation.

Subscribe to Destination FAANG and practice the pattern after watching.
#LeetCode #Stack #Design #CodingInterview #FAANG","Targets the short, high-volume Min Stack query and includes design intent."
uGGAJxeXa4U,https://www.youtube.com/watch?v=uGGAJxeXa4U,dsa,2024-02-12T10:00:37Z,"Palindrome Linked List: 234 - technical interview question @ google, apple, amazon, meta, microsoft",99,Palindrome Linked List | LeetCode 234 (Easy),44,"Palindrome Linked List gets a clear, interview-focused walkthrough so you can recognize the pattern and solve it confidently.

In this Destination FAANG lesson, you’ll learn checking whether a linked list reads the same forward and backward and see why linked list traversal with stack-style comparison matters for technical interviews. The explanation is built for DSA and LeetCode practice, with emphasis on clean problem solving, pattern recognition, and FAANG/MAANG-style interview preparation.

Subscribe to Destination FAANG and practice the pattern after watching.
#LeetCode #LinkedList #Stack #CodingInterview #FAANG",Front-loads the exact problem and adds linked-list/stack keywords from the source.
4xFHsd0Xpk0,https://www.youtube.com/watch?v=4xFHsd0Xpk0,misc,2024-02-11T10:00:04Z,How to Get a Game Developer Job - Explained,43,How to Get a Game Developer Job | Career Roadmap,48,"How to Get a Game Developer Job starts here with a practical roadmap for breaking into tech and preparing with the right resources.

This Destination FAANG career guide explains the skills, preparation steps, and career path for entering game development. You’ll get a clearer view of role expectations, learning roadmap, and practical job-search guidance so you can plan your learning path, portfolio, applications, and interview preparation with more confidence.

Subscribe to Destination FAANG for more tech career and interview-prep content.
#GameDev #CareerAdvice #TechCareers #Programming #Jobs",Turns a generic explainer into a searchable job-roadmap title with a clear benefit.
dmYiOfy8a-k,https://www.youtube.com/watch?v=dmYiOfy8a-k,dsa,2024-02-10T10:00:27Z,"Letter Combinations of a Phone Number: 17 - technical interview @ google, amazon, meta, microsoft",97,Letter Combinations Phone Number | LeetCode 17,46,"Letter Combinations of a Phone Number gets a clear, interview-focused walkthrough so you can recognize the pattern and solve it confidently.

In this Destination FAANG lesson, you’ll learn generating all possible letter combinations from digit input and see why backtracking over choices for each digit matters for technical interviews. The explanation is built for DSA and LeetCode practice, with emphasis on clean problem solving, pattern recognition, and FAANG/MAANG-style interview preparation.

Subscribe to Destination FAANG and practice the pattern after watching.
#LeetCode #Backtracking #String #CodingInterview #FAANG",Keeps the problem keyword first and adds the backtracking pattern users search for.
PWoIZxcamsQ,https://www.youtube.com/watch?v=PWoIZxcamsQ,dsa,2024-02-09T10:00:14Z,"Longest Common Prefix: 14 - string interview question @ google, apple, amazon, meta, microsoft",94,Longest Common Prefix | LeetCode 14 (Easy),42,"Longest Common Prefix gets a clear, interview-focused walkthrough so you can recognize the pattern and solve it confidently.

In this Destination FAANG lesson, you’ll learn finding the shared prefix across a list of strings and see why string comparison and prefix shrinking matters for technical interviews. The explanation is built for DSA and LeetCode practice, with emphasis on clean problem solving, pattern recognition, and FAANG/MAANG-style interview preparation.

Subscribe to Destination FAANG and practice the pattern after watching.
#LeetCode #String #Array #CodingInterview #FAANG",Uses the exact easy problem keyword and relevant string/array search terms.
eaBYb0uSfBM,https://www.youtube.com/watch?v=eaBYb0uSfBM,dsa,2024-02-08T10:00:34Z,Design Tic-Tac-Toe - explained,30,Design Tic-Tac-Toe | LeetCode Design Explained,46,"Design Tic-Tac-Toe gets a clear, interview-focused walkthrough so you can recognize the pattern and solve it confidently.

In this Destination FAANG lesson, you’ll learn building the logic for a Tic-Tac-Toe design interview problem and see why array design, game state tracking, and clean object-oriented reasoning matters for technical interviews. The explanation is built for DSA and LeetCode practice, with emphasis on clean problem solving, pattern recognition, and FAANG/MAANG-style interview preparation.

Subscribe to Destination FAANG and practice the pattern after watching.
#LeetCode #Design #Array #CodingInterview #FAANG",Adds the important design keyword and makes the interview value explicit.
QhdjTMm4_uo,https://www.youtube.com/watch?v=QhdjTMm4_uo,misc,2024-02-07T10:00:16Z,How to Get a Mobile App Developer Job - Explained,49,How to Get a Mobile App Developer Job | Roadmap,47,"How to Get a Mobile App Developer Job starts here with a practical roadmap for breaking into tech and preparing with the right resources.

This Destination FAANG career guide explains how to prepare for Android, iOS, or cross-platform mobile development roles. You’ll get a clearer view of skills, tools, role expectations, and career planning so you can plan your learning path, portfolio, applications, and interview preparation with more confidence.

Subscribe to Destination FAANG for more tech career and interview-prep content.
#MobileDevelopment #CareerAdvice #TechCareers #Android #iOS",Targets mobile app developer job searches while preserving the roadmap promise.
QdMUBiTC2bM,https://www.youtube.com/watch?v=QdMUBiTC2bM,dsa,2024-02-06T10:00:26Z,Sorting Explained - full course for technical interviews,56,Sorting Algorithms Full Course for Interviews,45,"Sorting Algorithms is broken down in a full interview-prep course designed to make the core pattern easier to apply.

This Destination FAANG guide covers how sorting supports efficient data manipulation and DSA problem solving. You’ll build stronger DSA fundamentals through core sorting concepts, arrays, and interview-ready algorithm thinking, so you can approach LeetCode and technical interview questions with more confidence. Ideal for candidates preparing for FAANG/MAANG-style coding rounds.

Subscribe to Destination FAANG and practice each concept as you watch.
#Sorting #Algorithms #DSA #CodingInterview #FAANG",Improves discoverability with the broader sorting algorithms course keyword.
STsxnYbKPvo,https://www.youtube.com/watch?v=STsxnYbKPvo,misc,2024-02-05T10:00:31Z,How to Get Frond-End Developer Job - explained,46,How to Get a Front-End Developer Job | Roadmap,46,"How to Get a Front-End Developer Job starts here with a practical roadmap for breaking into tech and preparing with the right resources.

This Destination FAANG career guide explains practical steps for starting or growing a front-end development career. You’ll get a clearer view of roles, responsibilities, skills, and job-prep strategy so you can plan your learning path, portfolio, applications, and interview preparation with more confidence.

Subscribe to Destination FAANG for more tech career and interview-prep content.
#FrontendDeveloper #CareerAdvice #WebDevelopment #TechCareers #Jobs",Fixes the typo and positions the video for front-end career search intent.
HO-qzdL_x8U,https://www.youtube.com/watch?v=HO-qzdL_x8U,dsa,2024-02-04T07:22:55Z,Sort Colors: 75 - technical interview - dutch national flag algorithm,69,Sort Colors | LeetCode 75 (Dutch National Flag),47,"Sort Colors gets a clear, interview-focused walkthrough so you can recognize the pattern and solve it confidently.

In this Destination FAANG lesson, you’ll learn sorting colors in-place using the Dutch National Flag idea and see why two pointers and partition-style array reasoning matters for technical interviews. The explanation is built for DSA and LeetCode practice, with emphasis on clean problem solving, pattern recognition, and FAANG/MAANG-style interview preparation.

Subscribe to Destination FAANG and practice the pattern after watching.
#LeetCode #TwoPointers #Array #CodingInterview #FAANG",Adds the recognized Dutch National Flag pattern while staying under title limits.
Dh7QxO0xkBE,https://www.youtube.com/watch?v=Dh7QxO0xkBE,misc,2024-02-03T00:45:00Z,How to Get Software Developer Job - explained,45,How to Get a Software Developer Job | Roadmap,45,"How to Get a Software Developer Job starts here with a practical roadmap for breaking into tech and preparing with the right resources.

This Destination FAANG career guide explains what it takes to start a software development career as a beginner or career switcher. You’ll get a clearer view of skills, preparation, job roles, and practical next steps so you can plan your learning path, portfolio, applications, and interview preparation with more confidence.

Subscribe to Destination FAANG for more tech career and interview-prep content.
#SoftwareDeveloper #CareerAdvice #TechCareers #Programming #Jobs",Matches common job-search wording and makes the career roadmap benefit clear.
BULoAJeuA1c,https://www.youtube.com/watch?v=BULoAJeuA1c,misc,2024-02-02T08:33:02Z,Serverless computing explained,30,Serverless Computing Explained | Developer Guide,48,"Serverless Computing Explained is explained in a clear, beginner-friendly way for developers and tech learners who want the key ideas fast.

In this Destination FAANG video, you’ll learn what serverless computing means and why developers use it and understand serverless fundamentals for developers, IT professionals, and tech learners. The goal is to make modern technology easier to follow while connecting it back to software engineering, interviews, and real-world career growth.

Subscribe to Destination FAANG for more tech explainers and career-focused learning.
#Serverless #CloudComputing #Developer #TechExplained #SoftwareEngineering",Front-loads the tech explainer keyword and clarifies the audience as developers.
7halZ77R55o,https://www.youtube.com/watch?v=7halZ77R55o,dsa,2024-02-01T16:36:04Z,"Sort List: 148 - interview question @ google, apple, amazon, meta, microsoft",76,Sort List | LeetCode 148 (Medium),33,"Sort List gets a clear, interview-focused walkthrough so you can recognize the pattern and solve it confidently.

In this Destination FAANG lesson, you’ll learn sorting a linked list efficiently for interview practice and see why linked list sorting with divide-and-conquer style reasoning matters for technical interviews. The explanation is built for DSA and LeetCode practice, with emphasis on clean problem solving, pattern recognition, and FAANG/MAANG-style interview preparation.

Subscribe to Destination FAANG and practice the pattern after watching.
#LeetCode #LinkedList #Sorting #CodingInterview #FAANG",Uses the exact LeetCode title and adds linked-list/sorting keywords missing from the original.
E3eO7jTFElU,https://www.youtube.com/watch?v=E3eO7jTFElU,dsa,2024-01-31T03:30:04Z,Easiest interview question: Fizz Buzz - 412,43,Fizz Buzz | LeetCode 412 (Easy),31,"Fizz Buzz gets a clear, interview-focused walkthrough so you can recognize the pattern and solve it confidently.

In this Destination FAANG lesson, you’ll learn solving the classic beginner-friendly interview coding problem and see why simple conditional logic and clean output construction matters for technical interviews. The explanation is built for DSA and LeetCode practice, with emphasis on clean problem solving, pattern recognition, and FAANG/MAANG-style interview preparation.

Subscribe to Destination FAANG and practice the pattern after watching.
#LeetCode #CodingBasics #Algorithms #CodingInterview #FAANG",Removes vague phrasing and targets the exact Fizz Buzz LeetCode search query.
q6tyGuVVbfE,https://www.youtube.com/watch?v=q6tyGuVVbfE,dsa,2024-01-30T00:41:58Z,Largest Number: 179 - Google interview question,47,Largest Number | LeetCode 179 (Medium),38,"Largest Number gets a clear, interview-focused walkthrough so you can recognize the pattern and solve it confidently.

In this Destination FAANG lesson, you’ll learn arranging numbers to form the largest possible combined value and see why custom string sorting and comparator reasoning matters for technical interviews. The explanation is built for DSA and LeetCode practice, with emphasis on clean problem solving, pattern recognition, and FAANG/MAANG-style interview preparation.

Subscribe to Destination FAANG and practice the pattern after watching.
#LeetCode #Sorting #String #CodingInterview #FAANG",Adds sorting/string technique terms while keeping the exact problem title first.
zZsmeHaqqyM,https://www.youtube.com/watch?v=zZsmeHaqqyM,dsa,2024-01-29T04:43:47Z,25 Career options in IT for 2024,32,25 IT Career Options for 2024 | Tech Jobs Guide,47,"25 IT Career Options for 2024 starts here with a practical roadmap for breaking into tech and preparing with the right resources.

This Destination FAANG career guide explains different IT roles, what each job looks like, how to prepare, and what tech stack to learn. You’ll get a clearer view of career comparison, preparation materials, and pros and cons of tech jobs so you can plan your learning path, portfolio, applications, and interview preparation with more confidence.

Subscribe to Destination FAANG for more tech career and interview-prep content.
#ITCareers #TechJobs #CareerAdvice #SoftwareEngineering #Jobs",Turns the livestream topic into a searchable tech jobs guide with year-specific relevance.
05mXJB5SLA8,https://www.youtube.com/watch?v=05mXJB5SLA8,dsa,2024-01-27T00:40:13Z,Google Interview question - Merge Sorted Array: 88,50,Merge Sorted Array | LeetCode 88 (Easy),39,"Merge Sorted Array gets a clear, interview-focused walkthrough so you can recognize the pattern and solve it confidently.

In this Destination FAANG lesson, you’ll learn merging two sorted arrays cleanly for interview practice and see why two pointers and in-place array manipulation matters for technical interviews. The explanation is built for DSA and LeetCode practice, with emphasis on clean problem solving, pattern recognition, and FAANG/MAANG-style interview preparation.

Subscribe to Destination FAANG and practice the pattern after watching.
#LeetCode #TwoPointers #Array #CodingInterview #FAANG",Front-loads the problem name and adds the high-value two pointers keyword.
cRPoqZOlDkg,https://www.youtube.com/watch?v=cRPoqZOlDkg,dsa,2024-01-23T05:15:01Z,"Technical interview question - Insert Delete GetRandom O(1): 380 -  google, apple, amazon, meta",95,Insert Delete GetRandom O(1) | LeetCode 380,43,"Insert Delete GetRandom O(1) gets a clear, interview-focused walkthrough so you can recognize the pattern and solve it confidently.

In this Destination FAANG lesson, you’ll learn designing a data structure that supports insert, delete, and random access efficiently and see why hash map plus array design for constant-time operations matters for technical interviews. The explanation is built for DSA and LeetCode practice, with emphasis on clean problem solving, pattern recognition, and FAANG/MAANG-style interview preparation.

Subscribe to Destination FAANG and practice the pattern after watching.
#LeetCode #HashMap #Design #CodingInterview #FAANG",Condenses a long title into the exact searchable problem and O(1) design hook.
mvHMIG8nN10,https://www.youtube.com/watch?v=mvHMIG8nN10,misc,2024-01-21T02:26:42Z,Destination FAANG is no more - New era begins,45,Destination FAANG Rebrand — Help Choose What’s Next,51,"Destination FAANG is changing: help shape the next era of tech interview prep and career content.

This channel update explains why the focus is expanding beyond FAANG to cover more software engineering careers, interview prep, system design, DSA, and tech-company opportunities. If you follow the channel for coding interviews, career growth, or practical software engineering advice, this video explains what may change and how your feedback can guide future content.

Subscribe and comment with the topics you want next.

#TechCareers #FAANG #CodingInterview #SystemDesign #CareerAdvice",Reframed the update around searchable rebrand and tech-career keywords while making the viewer feedback hook clear.
zUXvWE-3ss8,https://www.youtube.com/watch?v=zUXvWE-3ss8,misc,2024-01-17T14:29:33Z,Top 5 highest paying IT companies for software developers,57,Highest Paying IT Companies For Software Developers,51,"Highest paying IT companies for software developers: see where software engineers can target better compensation.

This video breaks down top-paying tech and IT companies for developers and engineers, helping job seekers compare opportunities when planning a career move. It is useful for new grads, career switchers, and experienced developers researching salary potential, interview preparation, and which companies may be worth targeting.

Subscribe for more software career and interview prep videos.

#SoftwareEngineer #TechJobs #CareerAdvice #FAANG #ITJobs",Front-loaded the high-intent salary keyword and clarified the value for developers researching job targets.
VPq5dlxaeP8,https://www.youtube.com/watch?v=VPq5dlxaeP8,system-design,2024-01-16T04:45:01Z,"LRU Cache: 146 - interview question @ google, apple, amazon, meta, microsoft",76,LRU Cache | LeetCode 146 (Medium) Explained,43,"LRU Cache LeetCode 146 explained with the core HashMap + linked-list idea used in coding interviews.

This video covers one of the most common FAANG-style design and DSA interview questions: building an LRU Cache with efficient get and put operations. You will learn why the problem needs fast lookup plus recency tracking, how the data structures fit together, and how to reason through the solution in a technical interview.

Subscribe and keep practicing one interview pattern at a time.

#LeetCode #LRUCache #CodingInterview #Algorithms #FAANG",Converted a long title into a concise LeetCode-focused title with the searchable problem number and technique.
cb2a5CSmDtc,https://www.youtube.com/watch?v=cb2a5CSmDtc,misc,2024-01-14T14:00:32Z,How to Remove Copyright Claims on YouTube Videos in 3 Steps,59,Remove YouTube Copyright Claims In 3 Steps,42,"Remove YouTube copyright claims with a simple 3-step walkthrough for creators trying to fix monetization issues.

This video explains YouTube copyright claims and strikes, then walks through practical ways to deal with a claim on your video. It is aimed at creators who want to understand what happened, what options YouTube gives them, and how to approach a claim without guessing.

Subscribe for more creator and tech tutorials.

#YouTubeTips #CopyrightClaim #Creators #YouTubeHelp #Monetization",Simplified the title around the exact search phrase creators use when trying to fix copyright claims.
wy3rfulMNV0,https://www.youtube.com/watch?v=wy3rfulMNV0,dsa,2024-01-12T22:38:29Z,Solutions architect interview experience - Hired - Cineplex,59,Cineplex Solutions Architect Interview Experience,49,"Cineplex Solutions Architect interview experience: learn the rounds, process, and preparation takeaways.

This interview story walks through a Solutions Architect hiring process at Cineplex, including recruiter, hiring-manager, panel, and VP conversations mentioned in the original description. Use it to understand what architecture roles can involve, how interview rounds may be structured, and what to prepare for when pursuing senior technical or solution architecture positions.

Subscribe for more real tech interview experiences.

#SolutionsArchitect #InterviewExperience #TechInterview #CareerAdvice #FAANG",Moved the company and role to the front so searchers looking for Cineplex or architect interviews can find it faster.
Oij8cSn2p2Y,https://www.youtube.com/watch?v=Oij8cSn2p2Y,misc,2024-01-07T01:35:12Z,Cloud computing Explained,25,Cloud Computing Explained For Beginners,39,"Cloud computing explained for beginners: understand cloud services, benefits, drawbacks, and core concepts.

This intro video answers what cloud computing is, what “the cloud” means, and how service models like IaaS, PaaS, and SaaS fit into modern software systems. It is a useful starting point for developers, students, and interview candidates who need clear cloud fundamentals before studying distributed systems, system design, AWS, Azure, or GCP concepts in more depth.

Subscribe and build your cloud fundamentals step by step.

#CloudComputing #SystemDesign #AWS #Azure #GCP",Added the beginner intent keyword and surfaced the cloud-service topics from the description.
IBIxScArJks,https://www.youtube.com/watch?v=IBIxScArJks,system-design,2024-01-06T08:16:24Z,Horizontal vs vertical scaling explained by Breaking Bad,56,Horizontal Vs Vertical Scaling — System Design Basics,53,"Horizontal vs vertical scaling explained with an easy system design analogy inspired by Breaking Bad.

This video breaks down two foundational scaling strategies: adding more machines versus making one machine more powerful. You will learn when each approach makes sense, why scaling matters in distributed systems, and how to explain the tradeoffs clearly in a system design interview.

Subscribe for more simple system design explanations.

#SystemDesign #Scalability #DistributedSystems #TechInterview #FAANG",Front-loaded the core scaling keyword while keeping the pop-culture hook secondary and search-friendly.
JC_YL6zvchs,https://www.youtube.com/watch?v=JC_YL6zvchs,dsa,2024-01-04T05:00:01Z,25 Career options in IT for 2024,32,25 IT Career Options For 2024 — Roles & Roadmaps,48,"25 IT career options for 2024: compare tech roles, preparation paths, stacks, pros, and cons.

This stream explores different jobs in IT, from software development paths to related technical roles, with discussion of what the job looks like, how to prepare, what technologies may matter, and what tradeoffs to consider. It is useful for students, career switchers, and early-career engineers deciding which direction to pursue in the tech industry.

Subscribe for more tech career planning and interview prep.

#TechCareers #ITJobs #SoftwareDeveloper #CareerAdvice #CodingInterview","Made the broad career stream searchable by highlighting roles, roadmaps, and 2024 tech-career planning."
YF8yjyVKfWo,https://www.youtube.com/watch?v=YF8yjyVKfWo,misc,2023-12-28T09:08:31Z,Top 5 Highest Paying IT companies - software engineers (entry level),68,Highest Paying Entry-Level IT Companies,39,"Highest paying entry-level IT companies for junior software developers and new software engineers.

This video helps early-career candidates understand where strong compensation opportunities may exist when starting out in tech. It is designed for students, new grads, junior developers, and career switchers who want to research companies, plan applications, and prepare for software engineering interviews with salary and role expectations in mind.

Subscribe for more entry-level tech career and interview prep.

#EntryLevelJobs #SoftwareEngineer #TechJobs #CareerAdvice #FAANG",Focused the title on entry-level search intent and separated it from the broader software-developer salary video.
T-Kj7dme-aU,https://www.youtube.com/watch?v=T-Kj7dme-aU,system-design,2023-12-25T21:45:00Z,Microservices explained,23,Microservices Explained — System Design Basics,46,"Microservices explained for system design interviews: learn what they are and why teams use them.

This beginner-friendly guide introduces microservices, how they differ from monolithic architecture, and why they matter in modern software development. You will build intuition for service boundaries, scalability, and the tradeoffs interviewers expect you to understand when discussing distributed systems and backend architecture.

Subscribe for more system design fundamentals and interview prep.

#Microservices #SystemDesign #DistributedSystems #SoftwareArchitecture #FAANG",Added system design and architecture keywords to make the microservices topic more discoverable for interview prep.
BjaEmO3bnZI,https://www.youtube.com/watch?v=BjaEmO3bnZI,misc,2023-12-21T05:58:57Z,Breaking Bad explains p2p networks,34,P2P Networks Explained With Breaking Bad,40,"P2P networks explained with a Breaking Bad-inspired analogy that makes peer-to-peer architecture easier to remember.

This video introduces peer-to-peer networking, what makes it different from centralized systems, and why the model matters in distributed systems. The pop-culture framing helps simplify the concept while still keeping the focus on computer networking fundamentals for developers, students, and system design learners.

Subscribe for more memorable computer science and system design explainers.

#P2P #Networking #SystemDesign #DistributedSystems #TechExplained",Put the searchable P2P networking term first and kept the Breaking Bad angle as the curiosity hook.
zxDrZ5dDd7s,https://www.youtube.com/watch?v=zxDrZ5dDd7s,dsa,2023-12-16T22:52:03Z,My Doordash interview experience - Senior software developer,60,DoorDash Senior Software Developer Interview Experience,55,"DoorDash Senior Software Developer interview experience: hear the process, rounds, and technical challenge.

This video shares a real interview journey for a Senior Software Developer position at DoorDash, including recruiter and behavioral rounds mentioned in the description plus a challenging technical stage. Use it to understand how senior engineering interviews can feel, what preparation areas matter, and how to reflect on interview performance for future FAANG/MAANG-style opportunities.

Subscribe for more real software interview experiences.

#DoorDash #InterviewExperience #SoftwareEngineer #CodingInterview #FAANG","Moved DoorDash, role, and interview experience to the front to match high-intent candidate searches."
bxuR2r8jXbM,https://www.youtube.com/watch?v=bxuR2r8jXbM,misc,2023-12-07T15:01:49Z,Cloud Computing Introduction,28,"Cloud Computing Fundamentals — IaaS, PaaS, SaaS",47,"Cloud computing fundamentals explained: IaaS, PaaS, SaaS, distributed systems, and how to learn them.

This stream covers core cloud concepts for developers and interview candidates, including infrastructure, platform, and software service models. It is a helpful overview if you are preparing for system design, learning AWS/Azure/GCP basics, or trying to connect cloud computing with distributed systems and modern backend architecture.

Subscribe and strengthen your system design foundation.

#CloudComputing #IaaS #PaaS #SaaS #SystemDesign",Replaced a generic title with specific cloud-service keywords that viewers commonly search.
AZkObgLf_Vk,https://www.youtube.com/watch?v=AZkObgLf_Vk,dsa,2023-12-06T04:34:48Z,Major Announcement - Need your suggestion,41,Live Tech Interview Lectures — Help Shape The Plan,50,"Live tech interview lectures are being planned: share what DSA, system design, or career topics you want covered.

This channel announcement discusses creating weekly live sessions focused on technical interviews, data structures, algorithms, system design, distributed systems, and computer engineering topics. If you want structured interview prep or longer live explanations, this update invites your input on format, frequency, and subject areas.

Subscribe and comment with the live sessions you would attend.

#CodingInterview #SystemDesign #DSA #TechInterview #FAANG",Changed a vague announcement title into a searchable channel-update title tied to live interview-prep content.
YlGuCbMIR5I,https://www.youtube.com/watch?v=YlGuCbMIR5I,behavioral,2023-12-04T03:45:38Z,Master Interviews - 50 Most asked behavioral questions + AMA,60,Behavioral Interview Questions — 50 Asked Examples,50,"Behavioral interview questions explained with 50 commonly asked examples for tech interview preparation.

This stream focuses on mastering behavioral interviews, including how to think through common questions and prepare stronger stories for hiring conversations. It is useful for software engineers, students, and career switchers preparing for FAANG/MAANG-style interviews where communication, ownership, conflict, teamwork, and decision-making can matter as much as technical skills.

Subscribe and practice your interview stories before the next round.

#BehavioralInterview #InterviewPrep #TechInterview #CareerAdvice #FAANG",Front-loaded behavioral interview questions and the number 50 to improve search relevance and CTR.
DvZgUk9WluM,https://www.youtube.com/watch?v=DvZgUk9WluM,dsa,2023-12-02T09:19:00Z,Interview Experience - Airbus || Navblue,40,Navblue Airbus Software Architect Interview Experience,54,"Navblue Airbus Software Architect interview experience: learn the role context, process, and offer story.

This video shares a personal interview experience with Navblue, an Airbus company, for a Software Architect position involving architecture and software-development duties. The description notes that an offer was received and later declined for another company, making this useful for candidates researching architect interviews, decision-making, and real tech hiring journeys.

Subscribe for more software architect and tech interview stories.

#SoftwareArchitect #InterviewExperience #Airbus #TechInterview #CareerAdvice","Combined Navblue, Airbus, and Software Architect early in the title to capture role and company search traffic."
wYco178c92M,https://www.youtube.com/watch?v=wYco178c92M,system-design,2023-11-30T04:29:19Z,System Design Concept - CAP theorem explained,45,CAP Theorem Explained — System Design Concepts,46,"CAP Theorem explained for system design interviews: understand consistency, availability, and partition tolerance.

This video demystifies one of the most important distributed systems concepts and explains why CAP shapes architecture decisions. You will learn what the theorem means, why tradeoffs matter in real systems, and how to discuss CAP clearly when answering database, distributed system, and backend design questions in technical interviews.

Subscribe for more system design concepts made simple.

#CAPTheorem #SystemDesign #DistributedSystems #Database #FAANG",Moved CAP Theorem to the front and tied it directly to system design interview search intent.
tn9h9-fSJm4,https://www.youtube.com/watch?v=tn9h9-fSJm4,misc,2023-11-28T13:04:38Z,How to handle System FAILURES explained,39,System Failures Explained — Design Interview Prep,49,"System failures explained for system design interviews: learn how to think about reliability and failure handling.

This guide covers an often-overlooked but important part of system design: what happens when services, databases, networks, or dependencies fail. You will build interview-ready vocabulary for discussing resilient systems, tradeoffs, recovery thinking, and why failure planning matters for scalable architecture.

Subscribe for more system design interview prep.

#SystemDesign #Reliability #DistributedSystems #TechInterview #FAANG",Turned a broad failure topic into a search-focused system design interview title with reliability keywords.
pgxfQJjO86c,https://www.youtube.com/watch?v=pgxfQJjO86c,system-design,2023-11-26T06:30:14Z,Database Sharding Explained - Beginners,39,Database Sharding Explained — System Design Basics,50,"Database sharding explained for beginners: learn how large databases are split for scale and performance.

This system design video introduces sharding as a database architecture pattern for handling large datasets more efficiently. You will learn the core idea behind data sharding, why teams use it, and how it connects to scalability, distributed databases, and backend interview questions.

Subscribe and practice one architecture pattern at a time.

#DatabaseSharding #SystemDesign #Database #Scalability #FAANG",Added database and system design keywords while preserving the beginner-friendly promise.
2nPT2mv93pk,https://www.youtube.com/watch?v=2nPT2mv93pk,system-design,2023-11-23T23:45:00Z,How to select  right database - SQL vs NoSQL,44,SQL Vs NoSQL — Choosing The Right Database,42,"SQL vs NoSQL explained: learn how to choose the right database for system design and real applications.

This video compares structured, semi-structured, and unstructured data needs while introducing SQL databases, NoSQL databases, and the tradeoffs behind database selection. It is useful for developers preparing system design interviews where choosing storage correctly is a key part of the answer.

Subscribe for more database and system design interview prep.

#SQL #NoSQL #Database #SystemDesign #TechInterview",Reframed the title around the high-search SQL vs NoSQL decision and database-selection benefit.
S8340Cnauow,https://www.youtube.com/watch?v=S8340Cnauow,misc,2023-11-22T08:31:28Z,Sam Altman to return as OpenAI CEO - Confirmed,46,Sam Altman Returns As OpenAI CEO — What Happened,48,"Sam Altman returns as OpenAI CEO: a quick explanation of the OpenAI leadership news and why it mattered.

This video covers the confirmed return of Sam Altman as chief executive officer, with Greg Brockman returning as president as described in the original summary. It also discusses the broader OpenAI, Microsoft, and Satya Nadella saga in a concise tech-news format for viewers following AI industry developments.

Subscribe for more AI and software industry explainers.

#OpenAI #SamAltman #AI #TechNews #Microsoft",Put the main news keyword first and added a clear “what happened” hook for search and suggested feeds.
3sqy9ymtHfQ,https://www.youtube.com/watch?v=3sqy9ymtHfQ,dsa,2023-11-22T07:09:00Z,My Best Interview Experience - Hired - Nokia,44,Nokia Software Architect Interview Experience,45,"Nokia Software Architect interview experience: hear a real hiring story from offer to working at Nokia.

This video shares a personal interview journey for a Software Architect role at Nokia, including architecture and software-development responsibilities mentioned in the description. It is helpful for candidates researching senior technical interviews, architect roles, and how real interview experiences can inform preparation for future tech-company opportunities.

Subscribe for more software architecture and interview prep stories.

#Nokia #SoftwareArchitect #InterviewExperience #TechInterview #CareerAdvice",Moved Nokia and Software Architect to the beginning to match likely candidate search queries.
cericsGLBGA,https://www.youtube.com/watch?v=cericsGLBGA,dsa,2023-11-20T07:07:00Z,10 Things you MUST avoid in Technical Interview,47,Technical Interview Mistakes — 10 Things To Avoid,49,"Technical interview mistakes can cost strong candidates offers—learn 10 things to avoid before your next round.

This guide highlights common pitfalls in technical interviews so software engineers and job seekers can prepare more intentionally. Use it to improve communication, problem-solving habits, interview presence, and readiness for coding or system design conversations at competitive tech companies.

Subscribe and review this checklist before your next interview.

#TechnicalInterview #CodingInterview #InterviewPrep #SoftwareEngineer #FAANG",Changed the title from generic advice to a searchable “technical interview mistakes” keyword with a clear checklist hook.
W0iHwQNKwRc,https://www.youtube.com/watch?v=W0iHwQNKwRc,system-design,2023-11-18T10:00:20Z,Caching Explained,17,Caching Explained — System Design Interview Basics,50,"Caching explained for system design interviews: learn why caches make applications faster and more scalable.

This beginner-friendly video breaks down caching with relatable examples and connects the idea to real products like streaming or content-heavy applications referenced in the original description. You will learn why cached data reduces repeated work, how caching improves user experience, and why interviewers expect candidates to understand it.

Subscribe for more system design basics and architecture patterns.

#Caching #SystemDesign #Scalability #DistributedSystems #FAANG",Added system design interview context to a simple caching title for better discoverability among prep audiences.
miDio50Rwcc,https://www.youtube.com/watch?v=miDio50Rwcc,system-design,2023-11-17T09:30:14Z,Load balancer - Explained,25,Load Balancer Explained — System Design Basics,46,"Load balancer explained for system design: understand traffic distribution, reliability, and scaling basics.

This video introduces load balancing and the benefits it brings to modern applications, including spreading requests across servers and supporting more reliable architecture. It is useful for developers preparing backend and system design interviews where load balancers often appear in high-level designs and scalability discussions.

Subscribe for more system design interview fundamentals.

#LoadBalancer #SystemDesign #Scalability #DistributedSystems #TechInterview",Front-loaded load balancer and connected it to system design basics and scalability searches.
OvWOj207mXU,https://www.youtube.com/watch?v=OvWOj207mXU,dsa,2023-11-16T02:30:10Z,APIs Explained - Completely,27,APIs Explained — How Applications Communicate,45,"APIs explained clearly: learn how application programming interfaces connect modern software systems.

This video introduces APIs for aspiring developers, IT professionals, and tech learners who want to understand how software components communicate. You will learn what APIs are, why they matter in modern development, and how API knowledge supports backend engineering, system design, and technical interview preparation.

Subscribe for more developer fundamentals and interview prep.

#API #APIs #SoftwareDevelopment #SystemDesign #CodingInterview",Expanded the title with the core benefit—application communication—while preserving the API keyword first.
ri4CLTdHdlo,https://www.youtube.com/watch?v=ri4CLTdHdlo,misc,2023-11-14T16:00:36Z,mesmerizing tech patterns,25,Mesmerizing Tech Patterns — Relaxing ASMR Visuals,49,"Mesmerizing tech patterns with relaxing ASMR visuals for focus, sleep, or a quick calming break.

This video focuses on colorful pattern motion, ASMR-style relaxation, and satisfying tech-inspired visuals. Use it as background ambience while coding, studying, practicing interview prep, or unwinding after a long session. The metadata stays grounded in the original pattern, relaxing, sleep, and satisfying tags without adding unrelated claims.

Subscribe for more tech-inspired visual loops and interview-prep content.

#ASMR #Relaxing #TechPatterns #Satisfying #Visuals","Replaced a vague lowercase title with searchable ASMR, relaxing, and tech-pattern keywords."
MUYzRcGyVns,https://www.youtube.com/watch?v=MUYzRcGyVns,misc,2023-11-14T10:00:17Z,zig zag asmr - tech patterns,28,Zig Zag ASMR Tech Patterns — Relaxing Visuals,45,"Zig zag ASMR tech patterns for relaxing, satisfying visual loops while you study, code, or unwind.

This video focuses on colorful pattern motion, ASMR-style relaxation, and satisfying tech-inspired visuals. Use it as background ambience while coding, studying, practicing interview prep, or unwinding after a long session. The metadata stays grounded in the original pattern, relaxing, sleep, and satisfying tags without adding unrelated claims.

Subscribe for more tech-inspired visual loops and interview-prep content.

#ASMR #Relaxing #TechPatterns #Satisfying #Visuals","Added specific zig-zag, ASMR, and relaxing visual terms to improve discovery for pattern content."
CfZDP6STCfU,https://www.youtube.com/watch?v=CfZDP6STCfU,misc,2023-11-14T04:30:03Z,this is pretty cool,19,Satisfying Tech Pattern ASMR — Relaxing Visuals,47,"Satisfying tech pattern ASMR with colorful relaxing visuals for focus, sleep, or a quick reset.

This video focuses on colorful pattern motion, ASMR-style relaxation, and satisfying tech-inspired visuals. Use it as background ambience while coding, studying, practicing interview prep, or unwinding after a long session. The metadata stays grounded in the original pattern, relaxing, sleep, and satisfying tags without adding unrelated claims.

Subscribe for more tech-inspired visual loops and interview-prep content.

#ASMR #Relaxing #TechPatterns #Satisfying #Visuals",Turned a non-descriptive title into a keyword-rich description of the actual relaxing pattern content.
eCnfdhtkjE0,https://www.youtube.com/watch?v=eCnfdhtkjE0,misc,2023-11-13T23:44:21Z,Digital Rangoli made with Code - Happy Diwali to All,52,Digital Rangoli With Code — Diwali Python Art,45,"Digital Rangoli with code: a relaxing Diwali-inspired visual made with programming and colorful patterns.

This video shares a festive coding-art experiment that turns rangoli inspiration into a digital pattern. It is a light, creative break for viewers who enjoy Python, generative visuals, satisfying loops, and tech-themed celebrations. Watch it for Diwali vibes, relaxing motion, and a reminder that programming can be creative as well as practical.

Subscribe for more coding, tech, and creative pattern videos.

#Diwali #Rangoli #Python #Coding #DigitalArt",Front-loaded Digital Rangoli and coding keywords while keeping the Diwali creative-art angle clear.
6dd7TFmPOpM,https://www.youtube.com/watch?v=6dd7TFmPOpM,dsa,2023-11-11T15:00:08Z,Master Software Design Patterns,31,Software Design Patterns Explained For Developers,49,"Software design patterns explained for developers who want cleaner, more reusable code and stronger interviews.

This guide introduces design patterns as proven ways to solve recurring software development problems. It is useful for beginners learning architecture fundamentals and experienced developers refreshing concepts for interviews or day-to-day engineering. You will build vocabulary for discussing maintainability, structure, and common design approaches in technical conversations.

Subscribe for more software engineering and interview prep.

#DesignPatterns #SoftwareDevelopment #CodingInterview #SoftwareArchitecture #FAANG",Changed “Master” into a more searchable developer-focused title centered on software design patterns.
FmoXsvxw7Y8,https://www.youtube.com/watch?v=FmoXsvxw7Y8,misc,2023-11-10T03:00:16Z,stars are everywhere,20,Star Pattern ASMR — Relaxing Tech Visuals,41,"Star pattern ASMR with relaxing tech-inspired visuals for sleep, focus, or a satisfying study break.

This video focuses on colorful pattern motion, ASMR-style relaxation, and satisfying tech-inspired visuals. Use it as background ambience while coding, studying, practicing interview prep, or unwinding after a long session. The metadata stays grounded in the original pattern, relaxing, sleep, and satisfying tags without adding unrelated claims.

Subscribe for more tech-inspired visual loops and interview-prep content.

#ASMR #Relaxing #TechPatterns #Satisfying #Visuals",Added specific star-pattern and ASMR terms to make the visual content searchable.
WwjK6GoF5fM,https://www.youtube.com/watch?v=WwjK6GoF5fM,misc,2023-11-09T17:45:00Z,this is delightful,18,Delightful Pattern ASMR — Satisfying Visuals,44,"Delightful pattern ASMR with satisfying, colorful visuals for relaxing, studying, or taking a calm break.

This video focuses on colorful pattern motion, ASMR-style relaxation, and satisfying tech-inspired visuals. Use it as background ambience while coding, studying, practicing interview prep, or unwinding after a long session. The metadata stays grounded in the original pattern, relaxing, sleep, and satisfying tags without adding unrelated claims.

Subscribe for more tech-inspired visual loops and interview-prep content.

#ASMR #Relaxing #TechPatterns #Satisfying #Visuals",Made the vague title searchable by describing the relaxing pattern ASMR content directly.
T8PSaHTEXlA,https://www.youtube.com/watch?v=T8PSaHTEXlA,misc,2023-11-09T10:15:04Z,this is hypnotizing - asmr,26,Hypnotic ASMR Pattern — Relaxing Tech Visuals,45,"Hypnotic ASMR pattern visuals for relaxing, focus, sleep, or a quick reset between coding sessions.

This video focuses on colorful pattern motion, ASMR-style relaxation, and satisfying tech-inspired visuals. Use it as background ambience while coding, studying, practicing interview prep, or unwinding after a long session. The metadata stays grounded in the original pattern, relaxing, sleep, and satisfying tags without adding unrelated claims.

Subscribe for more tech-inspired visual loops and interview-prep content.

#ASMR #Relaxing #TechPatterns #Satisfying #Visuals",Added “hypnotic ASMR pattern” as the main keyword and clarified the actual viewing use case.
5hvHTZxyBTY,https://www.youtube.com/watch?v=5hvHTZxyBTY,misc,2023-11-09T04:45:00Z,I am flash - speed asmr,23,Speed ASMR Pattern — Faster With Every Hit,42,"Speed ASMR pattern visuals that get faster with each hit for a satisfying, high-motion loop.

This video focuses on colorful pattern motion, ASMR-style relaxation, and satisfying tech-inspired visuals. Use it as background ambience while coding, studying, practicing interview prep, or unwinding after a long session. The metadata stays grounded in the original pattern, relaxing, sleep, and satisfying tags without adding unrelated claims.

Subscribe for more tech-inspired visual loops and interview-prep content.

#ASMR #Relaxing #TechPatterns #Satisfying #Visuals",Made the speed mechanic the searchable hook while keeping the title concise and descriptive.
8xXhwrsAvHs,https://www.youtube.com/watch?v=8xXhwrsAvHs,misc,2023-11-08T16:00:33Z,this is crazy --- asmr - satisfying,35,Crazy ASMR Pattern — Satisfying Tech Visuals,44,"Crazy ASMR pattern visuals with satisfying, colorful motion for a relaxing tech-inspired break.

This video focuses on colorful pattern motion, ASMR-style relaxation, and satisfying tech-inspired visuals. Use it as background ambience while coding, studying, practicing interview prep, or unwinding after a long session. The metadata stays grounded in the original pattern, relaxing, sleep, and satisfying tags without adding unrelated claims.

Subscribe for more tech-inspired visual loops and interview-prep content.

#ASMR #Relaxing #TechPatterns #Satisfying #Visuals","Replaced punctuation-heavy wording with a clean, keyword-first ASMR pattern title."
d8kSUDmxmng,https://www.youtube.com/watch?v=d8kSUDmxmng,misc,2023-11-08T04:00:12Z,watch this and chill,20,Watch And Chill — Relaxing Tech Pattern ASMR,44,"Relaxing tech pattern ASMR for viewers who want to watch, chill, focus, sleep, or meditate.

This video focuses on colorful pattern motion, ASMR-style relaxation, and satisfying tech-inspired visuals. Use it as background ambience while coding, studying, practicing interview prep, or unwinding after a long session. The metadata stays grounded in the original pattern, relaxing, sleep, and satisfying tags without adding unrelated claims.

Subscribe for more tech-inspired visual loops and interview-prep content.

#ASMR #Relaxing #TechPatterns #Satisfying #Visuals",Kept the chill hook but added search-friendly relaxing tech pattern ASMR keywords.
FfeEUfh5zUE,https://www.youtube.com/watch?v=FfeEUfh5zUE,dsa,2023-11-08T03:16:04Z,10 must do things Before Interview - 5 Minutes,46,Tech Interview Checklist — 10 Things Before Interview,53,"Tech interview checklist: 10 must-do things before your interview, explained in a quick prep format.

This video helps candidates review the final steps that can improve confidence before a technical interview. Use it to organize your preparation, avoid last-minute mistakes, and make sure you are ready to communicate clearly in coding, system design, or behavioral rounds. It is especially useful for software engineers preparing for competitive tech-company interviews.

Subscribe and run this checklist before your next interview.

#TechInterview #InterviewPrep #CodingInterview #SoftwareEngineer #FAANG",Turned the title into a searchable interview checklist with a clear number-based benefit.
yMt9GyMbYFM,https://www.youtube.com/watch?v=yMt9GyMbYFM,misc,2023-11-07T09:00:45Z,sleep better with lucid dreams,30,Lucid Dreams ASMR — Relaxing Sleep Visuals,42,"Lucid dreams ASMR with relaxing visual patterns for sleep, calm focus, or a peaceful background loop.

This video focuses on colorful pattern motion, ASMR-style relaxation, and satisfying tech-inspired visuals. Use it as background ambience while coding, studying, practicing interview prep, or unwinding after a long session. The metadata stays grounded in the original pattern, relaxing, sleep, and satisfying tags without adding unrelated claims.

Subscribe for more tech-inspired visual loops and interview-prep content.

#ASMR #Relaxing #TechPatterns #Satisfying #Visuals","Added lucid dreams, ASMR, and sleep keywords to match the actual relaxation-focused content."
aZ5CfwUxaww,https://www.youtube.com/watch?v=aZ5CfwUxaww,misc,2023-11-07T02:00:00Z,red dead redemption,19,Red Pattern ASMR — Relaxing Satisfying Visuals,46,"Red pattern ASMR with relaxing, satisfying visuals for sleep, focus, or a calm study break.

This video focuses on colorful pattern motion, ASMR-style relaxation, and satisfying tech-inspired visuals. Use it as background ambience while coding, studying, practicing interview prep, or unwinding after a long session. The metadata stays grounded in the original pattern, relaxing, sleep, and satisfying tags without adding unrelated claims.

Subscribe for more tech-inspired visual loops and interview-prep content.

#ASMR #Relaxing #TechPatterns #Satisfying #Visuals",Replaced the unrelated game-like wording with a safer keyword title based on the ASMR pattern description.
gc3EgCD4At0,https://www.youtube.com/watch?v=gc3EgCD4At0,misc,2023-11-06T20:00:26Z,this will blow your mind,24,Mind-Blowing Pattern ASMR — Satisfying Visuals,46,"Mind-blowing pattern ASMR with colorful satisfying visuals for a relaxing break or background focus.

This video focuses on colorful pattern motion, ASMR-style relaxation, and satisfying tech-inspired visuals. Use it as background ambience while coding, studying, practicing interview prep, or unwinding after a long session. The metadata stays grounded in the original pattern, relaxing, sleep, and satisfying tags without adding unrelated claims.

Subscribe for more tech-inspired visual loops and interview-prep content.

#ASMR #Relaxing #TechPatterns #Satisfying #Visuals",Kept the curiosity of the original while adding concrete ASMR and pattern keywords.
n2MYqAgfcyA,https://www.youtube.com/watch?v=n2MYqAgfcyA,misc,2023-11-06T08:00:33Z,well that escalated quickly,27,Escalating Pattern ASMR — Satisfying Visual Loop,48,"Escalating pattern ASMR with satisfying visuals for a quick relaxing break from coding or studying.

This video focuses on colorful pattern motion, ASMR-style relaxation, and satisfying tech-inspired visuals. Use it as background ambience while coding, studying, practicing interview prep, or unwinding after a long session. The metadata stays grounded in the original pattern, relaxing, sleep, and satisfying tags without adding unrelated claims.

Subscribe for more tech-inspired visual loops and interview-prep content.

#ASMR #Relaxing #TechPatterns #Satisfying #Visuals",Clarified the vague “escalated” hook into a searchable ASMR pattern loop title.
HNCRy__o0kQ,https://www.youtube.com/watch?v=HNCRy__o0kQ,dsa,2023-11-05T23:00:07Z,Advanced Data Structures - Heap and Trie,40,Heap And Trie Data Structures — Interview Prep,46,"Heap and Trie data structures explained for technical interviews, algorithms, and coding challenge prep.

This video introduces two advanced data structures that often appear in interview-style problems: heaps and tries. You will build intuition for where these structures are useful, why they matter for algorithmic thinking, and how they connect to common coding interview patterns, Big O reasoning, and software engineering preparation.

Subscribe and keep strengthening your DSA fundamentals.

#DataStructures #Heap #Trie #CodingInterview #Algorithms",Front-loaded Heap and Trie while adding interview-prep and algorithms keywords for DSA search.
RW7j9UyzTl4,https://www.youtube.com/watch?v=RW7j9UyzTl4,misc,2023-11-05T20:00:18Z,why is this so relaxing asmr,28,Relaxing ASMR Pattern — Colorful Tech Visuals,45,"Relaxing ASMR pattern visuals with colorful motion for sleep, focus, or a calm study break.

This video focuses on colorful pattern motion, ASMR-style relaxation, and satisfying tech-inspired visuals. Use it as background ambience while coding, studying, practicing interview prep, or unwinding after a long session. The metadata stays grounded in the original pattern, relaxing, sleep, and satisfying tags without adding unrelated claims.

Subscribe for more tech-inspired visual loops and interview-prep content.

#ASMR #Relaxing #TechPatterns #Satisfying #Visuals",Moved “relaxing ASMR pattern” to the front to match search behavior for visual loop content.
H_o3lAa1y7k,https://www.youtube.com/watch?v=H_o3lAa1y7k,misc,2023-11-05T12:45:00Z,mesmerizing vertical colorful asmr pattern,42,Vertical Colorful ASMR Pattern — Mesmerizing Visuals,52,"Vertical colorful ASMR pattern visuals for a mesmerizing, relaxing, and satisfying break.

This video focuses on colorful pattern motion, ASMR-style relaxation, and satisfying tech-inspired visuals. Use it as background ambience while coding, studying, practicing interview prep, or unwinding after a long session. The metadata stays grounded in the original pattern, relaxing, sleep, and satisfying tags without adding unrelated claims.

Subscribe for more tech-inspired visual loops and interview-prep content.

#ASMR #Relaxing #TechPatterns #Satisfying #Visuals",Kept the unique vertical colorful pattern detail and added searchable ASMR/visual keywords.
fFrn6IngC2I,https://www.youtube.com/watch?v=fFrn6IngC2I,misc,2023-11-05T03:00:30Z,awesome asmr pattern square in a rectangle,42,Square In Rectangle ASMR Pattern — Relaxing Visuals,51,"Square in rectangle ASMR pattern with relaxing, satisfying, colorful motion for visual focus.

This video focuses on colorful pattern motion, ASMR-style relaxation, and satisfying tech-inspired visuals. Use it as background ambience while coding, studying, practicing interview prep, or unwinding after a long session. The metadata stays grounded in the original pattern, relaxing, sleep, and satisfying tags without adding unrelated claims.

Subscribe for more tech-inspired visual loops and interview-prep content.

#ASMR #Relaxing #TechPatterns #Satisfying #Visuals",Made the specific square-in-rectangle visual the primary keyword and cleaned up the title.
QuBsV89j8-4,https://www.youtube.com/watch?v=QuBsV89j8-4,misc,2023-11-04T20:00:07Z,can we paint the whole surface,30,Paint The Surface ASMR — Mesmerizing Pattern,44,"Paint the surface ASMR pattern: a mesmerizing relaxing visual loop with tech-inspired motion.

This video focuses on colorful pattern motion, ASMR-style relaxation, and satisfying tech-inspired visuals. Use it as background ambience while coding, studying, practicing interview prep, or unwinding after a long session. The metadata stays grounded in the original pattern, relaxing, sleep, and satisfying tags without adding unrelated claims.

Subscribe for more tech-inspired visual loops and interview-prep content.

#ASMR #Relaxing #TechPatterns #Satisfying #Visuals",Preserved the curiosity hook but made the content searchable as an ASMR pattern visual.
RXkLxc9BCCY,https://www.youtube.com/watch?v=RXkLxc9BCCY,misc,2023-11-04T18:38:38Z,this is awesome pattern,23,Awesome ASMR Pattern — Mesmerizing Tech Visuals,47,"Awesome ASMR pattern visuals with mesmerizing, relaxing motion for a satisfying break.

This video focuses on colorful pattern motion, ASMR-style relaxation, and satisfying tech-inspired visuals. Use it as background ambience while coding, studying, practicing interview prep, or unwinding after a long session. The metadata stays grounded in the original pattern, relaxing, sleep, and satisfying tags without adding unrelated claims.

Subscribe for more tech-inspired visual loops and interview-prep content.

#ASMR #Relaxing #TechPatterns #Satisfying #Visuals",Converted a vague title into a clearer ASMR pattern title with searchable visual terms.
o-xhp6Uo9Uk,https://www.youtube.com/watch?v=o-xhp6Uo9Uk,misc,2023-11-04T11:00:44Z,2% faster with every hit - cure adhd,36,2% Faster Every Hit — Speed ASMR Pattern,40,"2% faster every hit: a speed ASMR pattern with coding-inspired geometry and satisfying motion.

This video focuses on colorful pattern motion, ASMR-style relaxation, and satisfying tech-inspired visuals. Use it as background ambience while coding, studying, practicing interview prep, or unwinding after a long session. The metadata stays grounded in the original pattern, relaxing, sleep, and satisfying tags without adding unrelated claims.

Subscribe for more tech-inspired visual loops and interview-prep content.

#ASMR #Relaxing #TechPatterns #Satisfying #Visuals",Removed the unsupported ADHD claim and refocused the title on the real speed-pattern hook.
Ee6G57qj-rQ,https://www.youtube.com/watch?v=Ee6G57qj-rQ,misc,2023-11-04T03:00:07Z,Speed increase by 1% with every hit - asmr,42,1% Faster Every Hit — Speed ASMR Visuals,40,"1% faster every hit: speed ASMR visuals with relaxing, satisfying pattern motion.

This video focuses on colorful pattern motion, ASMR-style relaxation, and satisfying tech-inspired visuals. Use it as background ambience while coding, studying, practicing interview prep, or unwinding after a long session. The metadata stays grounded in the original pattern, relaxing, sleep, and satisfying tags without adding unrelated claims.

Subscribe for more tech-inspired visual loops and interview-prep content.

#ASMR #Relaxing #TechPatterns #Satisfying #Visuals",Highlighted the 1% speed mechanic as the main keyword and cleaned up the phrasing.
JZOT8qCUZYc,https://www.youtube.com/watch?v=JZOT8qCUZYc,system-design,2023-11-03T09:00:11Z,Master Algorithms in System Design,34,Algorithms In System Design — Why They Matter,45,"Algorithms in system design explained: learn why algorithmic thinking shapes scalable software architecture.

This video connects algorithms to modern technology and system design, showing why they matter beyond coding challenges. It is useful for developers preparing for technical interviews who want to understand how algorithms influence performance, scalability, and design decisions in real systems. Use it to bridge DSA fundamentals with architecture conversations.

Subscribe for more DSA and system design interview prep.

#Algorithms #SystemDesign #DSA #CodingInterview #SoftwareArchitecture",Reframed the broad “master algorithms” claim into a specific system design relevance hook.
PJpkmqexOik,https://www.youtube.com/watch?v=PJpkmqexOik,misc,2023-11-02T15:00:16Z,Wait for it.. asmr,18,Wait For It ASMR — Mesmerizing Pattern Visuals,46,"Wait for it ASMR with mesmerizing pattern visuals and a relaxing payoff for satisfying-loop fans.

This video focuses on colorful pattern motion, ASMR-style relaxation, and satisfying tech-inspired visuals. Use it as background ambience while coding, studying, practicing interview prep, or unwinding after a long session. The metadata stays grounded in the original pattern, relaxing, sleep, and satisfying tags without adding unrelated claims.

Subscribe for more tech-inspired visual loops and interview-prep content.

#ASMR #Relaxing #TechPatterns #Satisfying #Visuals",Kept the “wait for it” curiosity while adding ASMR and pattern terms that describe the video.
obSMvR1F9vs,https://www.youtube.com/watch?v=obSMvR1F9vs,misc,2023-11-02T09:00:37Z,Cool pattern,12,Cool Pattern ASMR | Relaxing Geometry Animation,47,"Cool pattern ASMR with a relaxing geometric visual that is easy to watch and satisfying to loop.

This short visual experience focuses on mesmerizing patterns, game-like motion, and calming geometry for viewers who enjoy creative coding, relaxing animations, and ASMR-style visuals. It fits fans of pattern art, simple simulations, and quick satisfying shorts between coding or interview-prep sessions.

Subscribe to Destination FAANG for coding prep plus creative tech experiments.

#ASMR #Patterns #Geometry #CreativeCoding #Shorts","Reframed a vague title around searchable ASMR, geometry, and pattern keywords."
QfrtPRCtWFc,https://www.youtube.com/watch?v=QfrtPRCtWFc,misc,2023-11-02T09:00:29Z,bounce forest bounce - asmr - relaxing - satisfying,51,Bounce Forest ASMR | Relaxing Satisfying Pattern,48,"Bounce forest ASMR brings a relaxing, satisfying visual pattern for quick stress relief and repeat viewing.

The video highlights bouncing motion, mesmerizing shapes, and calm visual rhythm for viewers searching for relaxing animations or ASMR-style pattern shorts. It is positioned for discovery around satisfying visuals, game-inspired motion, and creative coding content without overclaiming the technique used.

Subscribe for more coding interview prep and creative tech visuals.

#ASMR #Satisfying #Patterns #Relaxing #CreativeCoding",Front-loaded the unique visual keyword and added high-intent relaxing/satisfying search terms.
mDUpjSC76sw,https://www.youtube.com/watch?v=mDUpjSC76sw,misc,2023-11-02T03:00:22Z,wait for it - asmr - patterns,29,Wait For It ASMR | Mesmerizing Pattern Short,44,"Wait for it ASMR builds curiosity with a mesmerizing pattern short made for satisfying visual loops.

This quick video is best positioned for viewers who enjoy relaxing patterns, geometry-inspired motion, and bite-size creative visuals. The description keeps the hook honest while adding searchable terms like ASMR, mesmerizing pattern, and satisfying animation for better suggested-feed discovery.

Subscribe to Destination FAANG for tech learning and creative coding shorts.

#ASMR #Patterns #Satisfying #Geometry #Shorts",Turned a generic curiosity title into an SEO-friendly pattern/ASMR title.
eE0lEX4m2-w,https://www.youtube.com/watch?v=eE0lEX4m2-w,misc,2023-11-01T18:00:18Z,Math the language of gods - asmr - relaxing - satisfying,56,Math Pattern ASMR | Relaxing Geometry Visual,44,"Math pattern ASMR turns geometry into a relaxing visual experience for anyone who enjoys satisfying motion.

This video connects math-inspired shapes, mesmerizing patterns, and calm ASMR-style visuals in a short format. It is optimized for viewers searching for relaxing geometry, satisfying pattern animations, and creative tech content that feels simple, visual, and easy to rewatch.

Subscribe for more coding prep, algorithms, and creative tech experiments.

#Math #ASMR #Geometry #Patterns #CreativeCoding","Made the title searchable by combining math, ASMR, and geometry instead of a vague phrase."
Doe26YiO8A8,https://www.youtube.com/watch?v=Doe26YiO8A8,misc,2023-11-01T10:00:15Z,bouncy ball - asmr - pygame - epic,34,Bouncy Ball ASMR | Pygame Satisfying Animation,46,"Bouncy ball ASMR with a Pygame-style satisfying animation for fans of visual coding and relaxing motion.

This short focuses on a bouncing ball visual, simple game-like movement, and satisfying ASMR energy. It is framed for viewers searching for Pygame animation, creative coding shorts, relaxing visuals, and small programming experiments that show how code can create playful motion.

Subscribe to Destination FAANG for interview prep and creative coding ideas.

#Pygame #ASMR #CreativeCoding #Animation #Coding",Added Pygame and animation keywords to clarify the content and improve search relevance.
S4IEAXP6R0o,https://www.youtube.com/watch?v=S4IEAXP6R0o,misc,2023-11-01T00:40:13Z,triangle hits the cornet twice - asmr - colorful,48,Triangle Pattern ASMR | Colorful Coding Visual,46,"Triangle pattern ASMR with a colorful coding visual that is quick, satisfying, and easy to replay.

This video highlights a triangle-based motion pattern, colorful visuals, and relaxing ASMR-style pacing. It is optimized for people searching for creative coding, code patterns, satisfying geometry animations, and short visual experiments rather than standard tutorial content.

Subscribe for more coding interview prep, algorithms, and creative tech shorts.

#ASMR #CodePattern #Geometry #CreativeCoding #Shorts","Corrected the unclear wording and targeted triangle, colorful, and code-pattern searches."
r9ybzRjyglw,https://www.youtube.com/watch?v=r9ybzRjyglw,system-design,2023-10-31T15:55:29Z,Using Data Structures in System Design,38,Data Structures In System Design | Why They Matter,50,"Data structures in system design can shape scalability, performance, and clean architecture decisions.

This guide explains why system design needs the right data structures and how core choices affect real software architecture. Viewers learn how to think beyond coding problems and connect data structures to design tradeoffs, distributed systems, and FAANG-style system design interview prep.

Subscribe and practice one system design concept at a time.

#SystemDesign #DataStructures #SoftwareArchitecture #FAANG #CodingInterview",Moved the primary keyword to the front and emphasized interview-focused benefits.
o-4-b1itI3I,https://www.youtube.com/watch?v=o-4-b1itI3I,dsa,2023-10-28T18:44:36Z,"Exceptional story of Google's Birth, Rise and Reign",51,"Google History Explained | Birth, Rise And Reign",48,"Google history explained through the birth, rise, and reign of one of tech's most influential companies.

This video looks at Google's origin story, the role of Larry Page and Sergey Brin, and the broader rise of the company from a Stanford idea into a global technology powerhouse. It is useful for tech learners who enjoy company stories, startup history, search engines, and the business context behind modern software careers.

Subscribe for more tech stories, career lessons, and interview prep.

#Google #TechHistory #SoftwareEngineering #Career #FAANG",Replaced a broad dramatic title with a searchable Google history keyword phrase.
ERL4FPOsY3Y,https://www.youtube.com/watch?v=ERL4FPOsY3Y,dsa,2023-10-26T14:00:08Z,Blind 75 Leetcode Java - Algorithms - Solved - Full Course - Part 2,67,Blind 75 LeetCode Java Part 2 | Algorithms Course,49,"Blind 75 LeetCode Java Part 2 continues the core algorithm practice set for coding interviews.

This full-course walkthrough helps you practice high-frequency technical interview questions using Java, data structures, and algorithmic patterns. It is built for LeetCode learners preparing for FAANG and MAANG interviews who want structured problem-solving practice beyond memorizing answers.

Subscribe and keep practicing the Blind 75 until the patterns feel natural.

#Blind75 #LeetCode #Java #Algorithms #CodingInterview #FAANG",Front-loaded Blind 75 and Java while clarifying this is part two of an algorithms course.
PieZjz2Pyhw,https://www.youtube.com/watch?v=PieZjz2Pyhw,dsa,2023-10-24T15:04:26Z,Blind 75 Leetcode Java - All Questions Solved,45,Blind 75 LeetCode Java | Full Coding Interview Course,53,"Blind 75 LeetCode Java gives you a full coding interview course built around the classic problem set.

Use this walkthrough to strengthen data structures, algorithms, and repeatable problem-solving patterns for technical interviews. The video is positioned for learners preparing for FAANG, MAANG, and startup coding rounds who want a Java-based path through the most popular Blind 75 questions.

Subscribe and practice each Blind 75 problem before watching the solution.

#Blind75 #LeetCode #Java #Algorithms #FAANG #CodingInterview",Kept the proven Blind 75 keyword and tightened the title for search and CTR.
7P0qxxEy2-w,https://www.youtube.com/watch?v=7P0qxxEy2-w,dsa,2023-10-23T15:00:04Z,Big O and Time Complexity - explained,37,Big O Notation Explained | Time Complexity Basics,49,"Big O notation explained with the time complexity basics every coding interview candidate needs.

This video breaks down how algorithm efficiency, scalability, and performance are evaluated in computer science and technical interviews. It is ideal for beginners who want to understand time complexity before solving LeetCode, DSA, and FAANG-style coding problems.

Subscribe and review Big O before your next algorithm practice session.

#BigO #TimeComplexity #Algorithms #CodingInterview #LeetCode",Added the exact searchable phrase Big O Notation and clarified the beginner benefit.
wGLufphlr1k,https://www.youtube.com/watch?v=wGLufphlr1k,misc,2023-10-22T18:23:54Z,Canada in Fall.. ❤️❤️ beautiful,31,Canada Fall Drive Timelapse | Gatineau Park Views,49,"Canada fall drive timelapse through Gatineau Park near Ottawa, with beautiful autumn scenery.

This short scenic video captures a drive through fall colors in Ontario and is best positioned for viewers searching for Canadian autumn views, relaxing driving timelapse footage, and nature scenery. It is a lifestyle break from coding content while still keeping the title clear and searchable.

Subscribe for tech content, career stories, and occasional life moments.

#Canada #FallColors #GatineauPark #Timelapse #Ottawa",Used the location and format from the description to make the scenic video searchable.
2h433OItQiA,https://www.youtube.com/watch?v=2h433OItQiA,dsa,2023-10-22T03:38:47Z,Data Structures - Explained || Full Course,42,Data Structures Explained | Full DSA Course,43,"Data structures explained in a full DSA course for beginners and interview prep learners.

This comprehensive guide introduces foundational computer science structures and why they matter for efficient problem solving. It is designed for programmers brushing up on DSA, LeetCode practice, and FAANG-style technical interviews where arrays, lists, trees, graphs, hashing, and other structures show up repeatedly.

Subscribe and build your DSA foundation one concept at a time.

#DataStructures #DSA #Algorithms #CodingInterview #LeetCode #FAANG",Strengthened the title with DSA and full course keywords while keeping it concise.
uro8qCDh80c,https://www.youtube.com/watch?v=uro8qCDh80c,dsa,2023-10-21T15:00:43Z,Matrix Questions for Technical Interviews - Full course - FAANG,63,Matrix Interview Questions | 7 LeetCode Problems,48,"Matrix interview questions are a must-practice DSA topic for LeetCode and FAANG coding rounds.

This full course covers seven frequently asked matrix problems and the patterns behind them, including grid traversal and matrix-based problem solving. It is useful for learners preparing for technical interviews at major tech companies and startups who want a focused matrix practice session.

Subscribe and solve each matrix problem before checking the walkthrough.

#Matrix #LeetCode #DSA #CodingInterview #FAANG #Algorithms",Added the number of problems and matrix interview keyword for clearer search intent.
eqYORJot-zc,https://www.youtube.com/watch?v=eqYORJot-zc,dsa,2023-10-21T06:53:29Z,Let's Talk about anything and Everything,40,System Design Live Q&A | Key Components Deep Dive,49,"System design live Q&A covering key components, databases, and software architecture fundamentals.

The original description points to an interactive stream on system design with a seasoned software engineer discussing core design topics. This positioning helps viewers looking for live system design discussion, architecture concepts, and interview prep for distributed systems and FAANG-style design rounds.

Subscribe and bring one system design question to your next practice session.

#SystemDesign #SoftwareArchitecture #DistributedSystems #FAANG #InterviewPrep",Used the description's system design focus instead of the vague current title.
gvwTGXP-reQ,https://www.youtube.com/watch?v=gvwTGXP-reQ,dsa,2023-10-20T15:00:41Z,"Longest Increasing Path in a Matrix: 329 interview question @ google, apple, amazon, meta, microsoft",100,Longest Increasing Path | LeetCode 329 (Hard),45,"Longest Increasing Path in a Matrix, LeetCode 329, is a hard matrix problem that rewards graph and DP thinking.

This walkthrough focuses on how to reason about paths in a matrix, avoid repeated work, and connect grid traversal with dynamic programming ideas. It is ideal for coding interview prep because matrix, graph, and optimization patterns appear often in FAANG and MAANG technical rounds.

Subscribe and practice the problem first, then compare your approach.

#LeetCode329 #LeetCode #DynamicProgramming #Matrix #CodingInterview #FAANG",Converted a long stuffed title into the standard LeetCode problem format with difficulty.
IKpM6Q8wTIY,https://www.youtube.com/watch?v=IKpM6Q8wTIY,dsa,2023-10-19T15:00:13Z,"Find Median from Data Stream: 295 - heap interview question @ google, apple, amazon, meta, microsoft",100,Find Median From Data Stream | LeetCode 295 (Hard),50,"Find Median from Data Stream, LeetCode 295, is a hard heap problem for coding interviews.

This explanation focuses on maintaining a running median with heap-based thinking, including why min-heaps and max-heaps are useful for streaming data. It is a high-value problem for FAANG-style interview prep because it tests data structures, online algorithms, and clean implementation under pressure.

Subscribe and practice the heap pattern until the median logic feels automatic.

#LeetCode295 #Heap #DataStructures #CodingInterview #FAANG #Algorithms","Replaced company stuffing with the exact LeetCode title, number, difficulty, and heap keyword."
1R2aM_BaiMg,https://www.youtube.com/watch?v=1R2aM_BaiMg,dsa,2023-10-17T15:00:01Z,Tree Algorithms for Technical Interviews - Full Course - FAANG,62,Tree Algorithms For Interviews | Full FAANG Course,50,"Tree algorithms for interviews are a core DSA skill for FAANG, MAANG, and startup coding rounds.

This full course covers a curated set of tree-based interview questions and the reasoning needed to solve them. Viewers can use it to practice traversal, recursion, tree patterns, and problem decomposition across questions commonly seen in technical interview preparation.

Subscribe and review one tree pattern at a time until it sticks.

#Trees #Algorithms #LeetCode #CodingInterview #FAANG #DSA",Kept the course positioning but front-loaded tree algorithms and interview intent.
CzAZzRcd8Oc,https://www.youtube.com/watch?v=CzAZzRcd8Oc,dsa,2023-10-15T15:00:16Z,Binary for Technical Interviews - Full Course - FAANG,53,Bit Manipulation Interviews | Full FAANG Course,47,"Bit manipulation interviews become easier when you learn the recurring binary patterns behind the questions.

This full course focuses on five commonly asked bit manipulation problems for technical interview prep. It helps viewers understand binary operations, pattern recognition, and how to approach compact algorithm questions that appear at large tech companies and startups.

Subscribe and practice each bit trick with your own examples.

#BitManipulation #Binary #Algorithms #CodingInterview #FAANG #LeetCode",Corrected the unclear 'Binary' title to the more searchable bit manipulation topic.
5xDT3AG7988,https://www.youtube.com/watch?v=5xDT3AG7988,dsa,2023-10-13T15:00:03Z,Strings for technical interviews - Full Course - FAANG,54,String Interview Questions | Full FAANG Course,46,"String interview questions are one of the most common DSA topics in coding interviews.

This full course walks through ten frequently asked string problems and the patterns that help solve them. It is useful for beginners and experienced developers preparing for FAANG-style technical interviews with topics like parsing, hashing, two pointers, and careful edge-case handling where applicable.

Subscribe and solve each string problem before watching the explanation.

#Strings #LeetCode #DSA #CodingInterview #FAANG #Algorithms",Front-loaded string interview questions and added pattern keywords for discoverability.
Laugw5Uj57g,https://www.youtube.com/watch?v=Laugw5Uj57g,dsa,2023-10-11T15:00:14Z,Linked Lists for Technical Interviews - Full Course - FAANG,59,Linked List Interview Questions | Full FAANG Course,51,"Linked list interview questions are a foundational DSA topic for technical interview prep.

This full course covers ten linked list problems and the reasoning needed to handle pointers, node manipulation, and common interview edge cases. It is built for LeetCode learners preparing for FAANG, MAANG, and startup interviews who want more than isolated solutions.

Subscribe and practice the pointer logic before each walkthrough.

#LinkedList #LeetCode #DSA #CodingInterview #FAANG #Algorithms",Made the title match the exact high-volume Linked List interview query.
irua6hf3kBM,https://www.youtube.com/watch?v=irua6hf3kBM,dsa,2023-10-09T21:00:32Z,Hashing Algorithm for technical interviews - full course,56,Hashing Interview Questions | Full DSA Course,45,"Hashing interview questions show up constantly in DSA, LeetCode, and FAANG coding rounds.

This focused course explains four important hashing problems and the patterns behind fast lookup, frequency counting, and map-based reasoning. It helps interview candidates learn when a hash map or set can simplify a problem and improve time complexity.

Subscribe and practice spotting the hashing pattern in new problems.

#Hashing #HashMap #LeetCode #DSA #CodingInterview #FAANG",Replaced a broad algorithm title with a precise hashing interview keyword.
GOCfvrFsIOk,https://www.youtube.com/watch?v=GOCfvrFsIOk,dsa,2023-10-06T13:30:06Z,Intervals for technical interview questions - full course,57,Intervals Interview Questions | Full DSA Course,47,"Intervals interview questions are a high-yield pattern for coding interviews and LeetCode practice.

This full course covers six essential interval problems and the thinking behind sorting, merging, overlapping ranges, and schedule-style questions. It is designed for FAANG and MAANG interview prep where interval patterns frequently test clarity, edge cases, and implementation discipline.

Subscribe and practice drawing the intervals before coding the solution.

#Intervals #LeetCode #DSA #CodingInterview #FAANG #Algorithms",Centered the title on the searchable intervals interview pattern.
Ob0YvI9M02o,https://www.youtube.com/watch?v=Ob0YvI9M02o,dsa,2023-10-04T12:49:06Z,Graph algorithm for technical interviews - full course,54,Graph Algorithms For Interviews | Full DSA Course,49,"Graph algorithms for interviews are essential for mastering traversal, connectivity, and search problems.

This full course covers eleven graph questions, including examples like Number of Provinces, and helps you recognize when to use graph-based reasoning. It is built for LeetCode and FAANG-style interview prep where DFS, BFS, components, and adjacency modeling are common topics.

Subscribe and practice one graph pattern at a time.

#GraphAlgorithms #DFS #BFS #LeetCode #CodingInterview #FAANG",Added graph algorithms and DSA course keywords while preserving the full-course angle.
pk21h3gWQUA,https://www.youtube.com/watch?v=pk21h3gWQUA,dsa,2023-10-02T02:56:14Z,A beginner's guide to tech interviews.,38,"Tech Interviews For Beginners | What, Why And How",49,"Tech interviews for beginners can feel confusing, but understanding the process makes preparation easier.

This guide explains what technical interviews are, why companies use them, and how candidates should think about behavioral, system design, and coding rounds. It is a practical starting point for students and developers planning FAANG, MAANG, or startup interview prep.

Subscribe and build a focused interview prep plan before you start grinding.

#TechInterviews #CodingInterview #SystemDesign #BehavioralInterview #FAANG",Turned a generic beginner title into a direct search phrase with clear scope.
EeAJ6YKGJM8,https://www.youtube.com/watch?v=EeAJ6YKGJM8,dsa,2023-09-29T12:30:07Z,Dynamic Programming for Technical Interviews - Full Course,58,Dynamic Programming Interviews | Full DSA Course,48,"Dynamic programming interviews are challenging, but repeatable patterns make DP problems easier to solve.

This full course focuses on frequently asked DP questions in technical interviews and how to approach them without relying on memorization. It is for candidates preparing for FAANG and non-FAANG coding rounds who want better intuition for states, transitions, optimization, and problem decomposition.

Subscribe and practice explaining the DP state before coding.

#DynamicProgramming #DP #LeetCode #CodingInterview #FAANG #DSA",Front-loaded Dynamic Programming Interviews and emphasized pattern-based prep.
-o5w6h80ZA8,https://www.youtube.com/watch?v=-o5w6h80ZA8,dsa,2023-09-22T14:34:47Z,Arrays for Technical Interviews - Full Course,45,Array Interview Questions | Top 10 Full Course,46,"Array interview questions are the foundation of many LeetCode and FAANG coding interview problems.

This full course breaks down ten popular array problems and the problem-solving ideas behind them. Viewers can use it to strengthen DSA fundamentals, practice common patterns, and prepare for technical interviews at major tech companies where arrays often lead into two pointers, sliding windows, and hashing.

Subscribe and solve each array problem before watching the breakdown.

#Arrays #LeetCode #DSA #CodingInterview #FAANG #Algorithms",Added Top 10 and array interview keywords for a stronger search match.
GLTR39VIAdc,https://www.youtube.com/watch?v=GLTR39VIAdc,dsa,2023-09-11T00:36:30Z,Data structures and Algorithm - Full Course - Coding Patterns - By a Microsoft Architect,88,DSA Coding Patterns | Full Interview Prep Course,48,"DSA coding patterns help you solve technical interview questions faster and with more confidence.

This full course covers data structures, algorithms, and popular coding patterns often used in interviews at major tech companies. It is designed for learners who want a structured path through interview prep instead of randomly solving LeetCode problems without connecting the patterns.

Subscribe and practice one coding pattern every day.

#DSA #CodingPatterns #Algorithms #LeetCode #FAANG #CodingInterview",Condensed a long title into the high-intent phrase DSA Coding Patterns.
mF15BP-Kp0Q,https://www.youtube.com/watch?v=mF15BP-Kp0Q,system-design,2023-09-04T05:11:42Z,Vin Diesel explains System Design Components - Ep 5,51,System Design Components Explained | Car Analogy,48,"System design components explained with a car analogy that makes software architecture easier to visualize.

This episode maps familiar car parts to software components such as UI, application servers, and databases so beginners can understand how systems work together. It is useful for developers and students preparing for system design interviews who need intuitive mental models before deeper architecture tradeoffs.

Subscribe and keep building your system design vocabulary.

#SystemDesign #SoftwareArchitecture #DistributedSystems #InterviewPrep #FAANG",Moved away from a celebrity-style hook and highlighted the clear car analogy benefit.
1Q7qS1Cj71s,https://www.youtube.com/watch?v=1Q7qS1Cj71s,misc,2023-08-26T05:15:50Z,Unbelievable Microsoft Surprise Package… #mysterybox,52,Microsoft Mystery Box Unboxing | Surprise Package,49,"Microsoft mystery box unboxing with surprise branded items and an unexpected package reveal.

This video shares a personal unboxing experience after receiving a package from Microsoft, including unique Microsoft-branded items and a mystery bike tool mentioned in the original description. It is positioned for viewers interested in Microsoft, tech lifestyle content, and authentic creator moments.

Subscribe for tech stories, career content, and interview prep from Destination FAANG.

#Microsoft #Unboxing #TechLifestyle #MysteryBox #Career",Front-loaded Microsoft mystery box to match likely search and suggested-feed interest.
HhGiuX9jNEI,https://www.youtube.com/watch?v=HhGiuX9jNEI,misc,2023-08-25T04:18:17Z,My CIBC Interview Experience,28,CIBC Interview Experience | Recruiter To Technical Round,56,"CIBC interview experience covering the journey from recruiter conversation to technical assessment.

In this career-focused video, the creator shares an in-depth interview experience with CIBC after exploring new opportunities beyond Microsoft. Viewers can learn what a real interview process can feel like, including multiple rounds and the practical mindset needed for software engineering career transitions.

Subscribe for more interview experiences, career lessons, and tech prep.

#CIBC #InterviewExperience #Career #SoftwareEngineering #TechJobs",Added recruiter and technical round keywords from the description for stronger relevance.
3KCGl_64NwU,https://www.youtube.com/watch?v=3KCGl_64NwU,system-design,2023-08-21T14:52:39Z,Key Components of System Design Deep Dive || Live with a Software architect,75,System Design Components | Deep Dive With Architect,51,"System design components deep dive with a software architect for interview and architecture prep.

This live-style session covers key system design building blocks, databases, and the concepts engineers need before designing scalable systems. It is useful for students and developers preparing for FAANG-style system design interviews or trying to understand how real software architecture decisions connect.

Subscribe and practice explaining each component in your own words.

#SystemDesign #SoftwareArchitecture #Databases #DistributedSystems #FAANG",Tightened the title around system design components and architect-led depth.
d3gXC_DFrCE,https://www.youtube.com/watch?v=d3gXC_DFrCE,system-design,2023-08-20T11:00:25Z,Data Consistency Explained - System design - Essential guide to Software Architecture - Episode 3.6,99,Data Consistency In System Design | Architecture Guide,54,"Data consistency in system design is critical for building reliable and trustworthy software systems.

This episode explains what data consistency means, why it matters, and how it fits into broader software architecture and distributed systems thinking. It is designed for engineers preparing for system design interviews where consistency tradeoffs often come up in database and scaling discussions.

Subscribe and review one system design tradeoff at a time.

#SystemDesign #DataConsistency #SoftwareArchitecture #DistributedSystems #FAANG",Front-loaded the exact concept and removed episode clutter from the title.
_tDad8m3m7U,https://www.youtube.com/watch?v=_tDad8m3m7U,system-design,2023-08-19T11:00:24Z,Caching Explained in System Design with Twitter example-guide to Software Architecture - Episode 3.5,100,Caching In System Design | Twitter Example Explained,52,"Caching in system design is one of the key ideas behind fast, scalable applications like social platforms.

This episode explains what caching is, why it improves performance, and how to think about it in software architecture using a Twitter-style example from the original title. It is ideal for system design interview prep because caching appears in many scalability and latency discussions.

Subscribe and practice adding caching to your next design answer.

#Caching #SystemDesign #SoftwareArchitecture #Scalability #FAANG",Kept the Twitter example while making caching the searchable front-loaded keyword.
Q8QQm9m4BJQ,https://www.youtube.com/watch?v=Q8QQm9m4BJQ,system-design,2023-08-18T11:00:17Z,Load Balancing Explained: Key to Scalable System Design - guide to Software Architecture-Episode 3.4,100,Load Balancing In System Design | Scalability Guide,51,"Load balancing in system design is a core concept for building scalable and reliable services.

This episode explains what load balancing does, why it matters, and how it supports robust software architecture. It is especially useful for system design interview prep because load balancers often appear in discussions about traffic distribution, availability, performance, and scaling web applications.

Subscribe and practice explaining load balancing in a simple design diagram.

#LoadBalancing #SystemDesign #Scalability #SoftwareArchitecture #FAANG",Focused the title on load balancing and scalability instead of a long episode label.
jwsyC9CQKA4,https://www.youtube.com/watch?v=jwsyC9CQKA4,system-design,2023-08-17T11:00:34Z,Availability and Reliability Explained in System Design: guide to Software Architecture- Episode 3.3,100,Availability Vs Reliability | System Design Guide,49,"Availability vs reliability is a system design concept every software engineer should understand.

This episode explains the difference between two core quality attributes and why both matter for digital platforms. It is useful for system design interview prep because candidates often need to discuss uptime, failure handling, user impact, and tradeoffs in distributed software architecture.

Subscribe and practice comparing system design tradeoffs clearly.

#Availability #Reliability #SystemDesign #SoftwareArchitecture #FAANG",Used a searchable comparison phrase that matches common system design questions.
cRtqkKoQNls,https://www.youtube.com/watch?v=cRtqkKoQNls,system-design,2023-08-16T11:00:22Z,Modularity explained in System Design:- Essential guide to Software Architecture Episode 3.2,92,Modularity In System Design | Architecture Basics,49,"Modularity in system design helps make software easier to understand, change, and scale over time.

This episode introduces modularity as a key software architecture principle and explains why breaking systems into clear parts matters. It is useful for beginners and interview candidates who want to discuss maintainability, component boundaries, and design quality in system design conversations.

Subscribe and practice describing module boundaries in your designs.

#Modularity #SystemDesign #SoftwareArchitecture #InterviewPrep #FAANG",Front-loaded modularity and replaced the lengthy episode formatting with a clear benefit.
Q_cbWvvdvaE,https://www.youtube.com/watch?v=Q_cbWvvdvaE,system-design,2023-08-15T04:16:35Z,Scalability explained in System Design: Essential guide to Software Architecture - Episode 3.1,94,Scalability In System Design | Architecture Basics,50,"Scalability in system design is a must-know concept for software architecture and interview prep.

This episode explains what scalability means, why it matters, and how engineers should think about systems that need to grow. It is designed for students, developers, and interview candidates preparing for FAANG-style design rounds where scaling, performance, and tradeoffs are central topics.

Subscribe and practice explaining scalability with one concrete example.

#Scalability #SystemDesign #SoftwareArchitecture #DistributedSystems #FAANG",Made scalability the first keyword and reduced unnecessary title length.
g1LGkym1TAo,https://www.youtube.com/watch?v=g1LGkym1TAo,system-design,2023-08-12T20:46:46Z,Key Concepts in System Design Explained: Essential guide to Software Architecture - Episode 3,93,System Design Key Concepts | Architecture Fundamentals,54,"System design key concepts give you the foundation for understanding modern software architecture.

This episode introduces the principles that shape scalable systems and distributed applications. It is a strong starting point for students, developers, and interview candidates who want a broad overview before studying deeper topics like scalability, reliability, caching, load balancing, and data consistency.

Subscribe and build your system design foundation step by step.

#SystemDesign #SoftwareArchitecture #DistributedSystems #InterviewPrep #FAANG",Replaced a long series title with concise keywords for fundamentals and architecture.
lz16ikn0rpQ,https://www.youtube.com/watch?v=lz16ikn0rpQ,misc,2023-08-08T13:51:39Z,10 Must do things after layoffs || My life after Microsoft Layoffs || New Beginnings,84,Life After Microsoft Layoff | 10 Things To Do Next,50,"Life after a Microsoft layoff can feel overwhelming, but a clear next-step plan helps you move forward.

In this personal career video, the creator shares lessons from being laid off and the ten things that helped after the transition. It is positioned for tech workers navigating layoffs, career uncertainty, job searching, resilience, and rebuilding momentum after a difficult professional setback.

Subscribe for honest career stories, interview prep, and tech job guidance.

#Layoff #Microsoft #CareerAdvice #TechJobs #Resilience",Front-loaded the layoff keyword and made the practical 10-step benefit clear.
0GYgYoHW8IU,https://www.youtube.com/watch?v=0GYgYoHW8IU,system-design,2023-08-06T14:00:00Z,Why System Design Matters - Essential guide to Software Architecture - Episode 2,80,Why System Design Matters | Architecture Guide,46,"Why system design matters is one of the first questions every software engineer should answer.

This episode explains why system design is more than a project phase and how architecture choices influence reliability, scalability, and long-term success. It is a useful beginner-friendly guide for developers preparing for system design interviews or trying to understand how software systems are planned.

Subscribe and keep learning system design from first principles.

#SystemDesign #SoftwareArchitecture #InterviewPrep #DistributedSystems #FAANG",Kept the strong question keyword while tightening the title for search display.
B-GU551I-jw,https://www.youtube.com/watch?v=B-GU551I-jw,system-design,2023-08-05T02:12:44Z,Introduction to System Design - Software Architecture - Episode 1,65,Introduction To System Design | Architecture Basics,51,"Introduction to system design for developers learning software architecture, distributed systems, and cloud concepts.

This first episode explains what system design is, why it matters, and the core components that make up a software system. It is designed for beginners preparing for system design interviews or anyone who wants a structured starting point before learning scalability, databases, caching, and reliability.

Subscribe and start your system design prep with the fundamentals.

#SystemDesign #SoftwareArchitecture #DistributedSystems #CloudComputing #FAANG",Added architecture basics and beginner intent while keeping the exact intro keyword.
OLHrUgJd6vw,https://www.youtube.com/watch?v=OLHrUgJd6vw,misc,2023-07-23T06:06:05Z,A story of Resilience & Courage || From living on streets to becoming data scientist - April LeClair,100,From Homelessness To Data Scientist | April LeClair,51,"From homelessness to data scientist, April LeClair shares a story of resilience, courage, and rebuilding.

This conversation focuses on a personal journey through hardship, loss, perseverance, and eventual career transformation. It is positioned for viewers looking for inspiring tech career stories, motivation during difficult seasons, and real conversations about persistence beyond the standard interview-prep path.

Subscribe for career stories, tech lessons, and interview prep motivation.

#DataScientist #CareerStory #Resilience #TechCareer #Inspiration",Used the powerful transformation and name from the title to improve CTR and search clarity.
AO3PouePpfY,https://www.youtube.com/watch?v=AO3PouePpfY,dsa,2023-07-15T00:26:02Z,I got Layoff  at Microsoft,26,I Got Laid Off At Microsoft | My Career Story,45,"I got laid off at Microsoft is a personal career story about change, gratitude, and moving forward.

In this video, the creator shares the experience of leaving Microsoft after a meaningful journey filled with collaborations, lessons, and support. It is useful for tech professionals navigating layoffs, career transitions, and the emotional side of working in big tech.

Subscribe for honest tech career stories and practical interview prep.

#Microsoft #Layoff #CareerStory #TechJobs #SoftwareEngineering",Corrected the grammar and made Microsoft layoff the primary searchable phrase.
G18jyu4hmN0,https://www.youtube.com/watch?v=G18jyu4hmN0,misc,2023-06-28T10:18:38Z,The most inspiring story I have ever heard || Tech Talk ||,58,Inspiring Tech Career Story | Resilience And Courage,52,"Inspiring tech career story about resilience, courage, and continuing forward through major setbacks.

This tech talk features a conversation with someone who has faced serious ups and downs, experienced loss and pain, and kept fighting toward a fulfilling life. The title and description are optimized for viewers seeking motivation, personal growth, and real human stories within a tech-focused channel.

Subscribe for more career conversations, tech stories, and interview prep.

#CareerStory #Inspiration #Resilience #TechTalk #Motivation",Replaced a vague superlative with searchable career story and resilience keywords.
F4ecNDc_AVs,https://www.youtube.com/watch?v=F4ecNDc_AVs,dsa,2023-06-01T01:15:27Z,"How to improvise - Learn from this Awesome Google, Microsoft Technical Interview - AI/ML Student",96,Mock Technical Interview | AI/ML Student Improvises,51,"Mock technical interview with an AI/ML student showing how candidates improvise in real time.

This raw interview-style video gives viewers an authentic look at technical interview pressure, problem solving, and communication in a Google, Amazon, and Microsoft-style setting from the original description. It is useful for students preparing for FAANG-style coding rounds who want to see more than polished final answers.

Subscribe and use this mock interview to improve your own interview habits.

#MockInterview #TechnicalInterview #AI #MachineLearning #FAANG #CodingInterview",Moved the strongest keywords to the front and highlighted the unique improvisation angle.
mp45EJKnnGU,https://www.youtube.com/watch?v=mp45EJKnnGU,dsa,2023-05-29T06:13:36Z,"Google, Microsoft, Apple Mock Technical Interview",49,Mock Technical Interview | Google Microsoft Apple Style,55,"Mock technical interview in a Google, Microsoft, and Apple-style format with raw problem-solving moments.

This video gives viewers an unedited look at what a major tech company interview can feel like, including the natural pauses, nerves, and reasoning that happen live. It is positioned for coding interview candidates who want realistic practice and better expectations before FAANG or MAANG technical rounds.

Subscribe and compare the candidate's approach with how you would answer.

#MockInterview #TechnicalInterview #CodingInterview #FAANG #InterviewPrep",Combined the company-style hook with clearer mock interview search intent.
crguqDubjvQ,https://www.youtube.com/watch?v=crguqDubjvQ,system-design,2023-05-25T05:46:36Z,Introduction to system design and software architecture,55,System Design Introduction | Distributed Systems Basics,55,"System design introduction covering distributed systems, cloud computing, and basic software architecture.

This live stream introduces how a simple application works and why distributed systems matter as applications grow. It is a beginner-friendly entry point for developers preparing for system design interviews and wanting to understand concepts like distributed computing, cloud computing, and architecture fundamentals.

Subscribe and build your system design foundation one concept at a time.

#SystemDesign #DistributedSystems #CloudComputing #SoftwareArchitecture #FAANG",Added distributed systems basics from the description to sharpen the search keyword.
dXAHX_IrfGY,https://www.youtube.com/watch?v=dXAHX_IrfGY,dsa,2023-05-22T08:07:14Z,"Live Microsoft, Google technical interview with a university student - Ali",74,Live Mock Technical Interview | University Student,50,"Live mock technical interview with a university student shows real-time coding interview pressure and reasoning.

This raw session is styled after Google, Amazon, and Microsoft technical interviews and features an unfiltered look at how a candidate works through the process. It is useful for students and LeetCode learners preparing for FAANG-style interviews who want realistic practice, not just polished solutions.

Subscribe and use this interview to benchmark your own communication.

#MockInterview #TechnicalInterview #UniversityStudent #CodingInterview #FAANG",Front-loaded live mock interview and clarified the student interview context.
VkOJ1gIGBaE,https://www.youtube.com/watch?v=VkOJ1gIGBaE,misc,2023-05-21T16:36:31Z,Destination FAANG Live Stream,29,Destination FAANG Live Stream | Coding Prep Q&A,47,"Destination FAANG live stream for coding prep, interview questions, and community discussion.

The original description points viewers to technical interview resources and the Destination FAANG question repository, so this title positions the stream around coding interview preparation. It is best framed for subscribers looking for live conversation, DSA practice, FAANG prep, and channel updates.

Subscribe and keep practicing technical interview questions with the community.

#DestinationFAANG #CodingInterview #LeetCode #DSA #FAANG",Added coding prep and Q&A context to make a generic live stream discoverable.
wuPxDdmtJ9o,https://www.youtube.com/watch?v=wuPxDdmtJ9o,dsa,2023-05-21T06:38:56Z,"apple, Google, Microsoft Technical Interview with AI specialist CS Student || live, unfiltered",94,Mock Technical Interview | AI Specialist CS Student,51,"Mock technical interview with an AI specialist CS student in a raw, unfiltered big-tech style session.

This video shows an authentic interview-style conversation modeled after Google, Amazon, Apple, and Microsoft technical interviews from the original description. It is useful for students and candidates who want to observe real-time problem solving, communication, and nerves during FAANG-style coding interview prep.

Subscribe and practice answering before the candidate does.

#MockInterview #TechnicalInterview #AI #CodingInterview #FAANG #CSStudent",Centered the title on mock interview intent and the AI specialist angle.
KWYbm4LZtbw,https://www.youtube.com/watch?v=KWYbm4LZtbw,dsa,2023-05-19T17:23:40Z,"""Google, Microsoft Mock Technical Interview with 2nd Year CS Student || raw and unedited""",89,Mock Technical Interview | 2nd Year CS Student,46,"Mock technical interview with a 2nd year CS student gives a raw look at big-tech interview practice.

This unedited session is modeled after Google, Amazon, and Microsoft-style technical interviews and shows the real process of thinking through problems under pressure. It is valuable for early CS students preparing for LeetCode, DSA, and FAANG-style coding interviews who want realistic expectations.

Subscribe and use this mock interview to improve your own prep routine.

#MockInterview #CSStudent #TechnicalInterview #CodingInterview #FAANG #LeetCode",Removed quote clutter and made the title concise around the student mock interview keyword.
Ad_TDBqe4Y4,https://www.youtube.com/watch?v=Ad_TDBqe4Y4,dsa,2023-05-02T07:51:54Z,"Path Sum: 112 - graph interview question @ google, apple, amazon, meta, microsoft",81,Path Sum | LeetCode 112 (Easy DFS),34,"Path Sum LeetCode 112 explained with a clean DFS approach for binary tree interview prep.

Learn how to check whether a root-to-leaf path equals a target sum, when to subtract node values, and why the base case matters. This walkthrough is ideal for practicing tree DFS, recursion, and easy LeetCode patterns for FAANG/MAANG technical interviews.

Subscribe to Destination FAANG and practice the pattern before your next coding interview.

#LeetCode #DFS #BinaryTree #CodingInterview #FAANG","Front-loads the exact LeetCode problem name, number, difficulty, and DFS keyword for stronger search relevance."
OtVh_TyXfd8,https://www.youtube.com/watch?v=OtVh_TyXfd8,dsa,2023-04-28T01:14:28Z,Morgan Stanley Job Interview - My 100% Honest Experience - Junior and Senior Developer Positions,96,Morgan Stanley Interview Experience | Developer Roles,53,"Morgan Stanley interview experience for junior and senior developer roles, shared honestly for tech job candidates.

This video walks through the interview journey, what to expect in the process, and practical lessons for software developer candidates preparing for technical and behavioral rounds. Use it to understand how to present your experience and prepare more confidently for finance-tech interviews.

Subscribe to Destination FAANG for more interview prep and career stories.

#MorganStanley #InterviewExperience #SoftwareEngineer #TechJobs #Career",Shifts the title from long narrative to searchable interview-experience keywords and role intent.
5rn1GsHEfLo,https://www.youtube.com/watch?v=5rn1GsHEfLo,dsa,2023-04-27T01:01:44Z,Major Channel Update: Exciting Future Plans & Content Direction! 🚀,66,Destination FAANG Channel Update | System Design Plans,54,"Destination FAANG channel update covering the next phase: system design, distributed systems, cloud, and software architecture.

This update explains the direction of upcoming content after DSA coverage and what viewers can expect as the channel expands into broader interview-prep topics. If you're preparing for FAANG/MAANG interviews, this helps you follow the roadmap for coding, system design, and career growth content.

Subscribe and follow along with the next Destination FAANG series.

#SystemDesign #DistributedSystems #CloudComputing #FAANG #InterviewPrep",Makes the update searchable by highlighting Destination FAANG and upcoming system design topics.
MUZMBa8s9B8,https://www.youtube.com/watch?v=MUZMBa8s9B8,dsa,2023-04-25T10:00:12Z,Master Iterative & Recursive DFS for Trees & Graphs - Ace Technical Interviews.! #layoffs #itjobs,97,Iterative & Recursive DFS | Trees And Graphs,44,"Iterative and recursive DFS explained for trees and graphs so you can recognize the pattern in coding interviews.

Learn how Depth-First Search works in both recursive and stack-based forms, when each version is useful, and how DFS applies to common tree and graph problems. This is built for LeetCode practice and FAANG/MAANG technical interview prep.

Subscribe to Destination FAANG and practice DFS until the pattern feels automatic.

#DFS #Graphs #Trees #LeetCode #CodingInterview",Condenses the title around the high-value DFS keyword while preserving both traversal styles and interview intent.
6gNAe0Fug8I,https://www.youtube.com/watch?v=6gNAe0Fug8I,dsa,2023-04-23T10:00:03Z,🏆 Master DFS Coding Patterns - Unlock FAANG & Top Tech Jobs Guaranteed! 💼,73,DFS Coding Pattern | FAANG Interview Guide,42,"DFS coding pattern explained for FAANG-style technical interviews and LeetCode graph/tree problems.

This guide focuses on how to recognize Depth-First Search, structure the traversal, and apply DFS to common interview scenarios without memorizing one-off solutions. Use it to strengthen recursion, visited-state handling, and graph/tree problem solving.

Subscribe to Destination FAANG for more coding patterns and interview prep.

#DFS #CodingPatterns #LeetCode #FAANG #Algorithms",Removes exaggerated claims and front-loads the searchable DFS coding pattern with a clear interview benefit.
CoW1TPo3sq8,https://www.youtube.com/watch?v=CoW1TPo3sq8,dsa,2023-04-21T11:00:14Z,"Master In-Order, Pre-Order, and Post-Order Tree Traversal | Depth First Search Explained",88,Tree Traversal DFS | Inorder Preorder Postorder,47,"Tree traversal DFS explained with inorder, preorder, and postorder techniques for coding interviews.

Learn how each traversal order visits nodes, how it connects to Depth-First Search, and when these patterns appear in binary tree problems. This is a practical refresher for beginners and interview candidates practicing LeetCode tree questions for FAANG/MAANG roles.

Subscribe to Destination FAANG and keep practicing tree fundamentals.

#TreeTraversal #DFS #BinaryTree #LeetCode #CodingInterview",Places the tree traversal keywords first and keeps the three traversal types visible for search.
ff38kbREIX8,https://www.youtube.com/watch?v=ff38kbREIX8,dsa,2023-04-19T10:00:26Z,"Number of Provinces: 547 - graph interview question @ google, apple, amazon, meta, microsoft, uber",98,Number Of Provinces | LeetCode 547 (BFS Graph),46,"Number of Provinces LeetCode 547 explained using graph traversal for connected components.

Learn how to model the province matrix as a graph, track visited cities, and use BFS to count connected components. This medium LeetCode problem is a must-practice pattern for graph interviews at FAANG/MAANG companies.

Subscribe to Destination FAANG and solve more graph problems with confidence.

#LeetCode #Graph #BFS #CodingInterview #FAANG","Adds the LeetCode number, difficulty signal, and BFS graph pattern while cutting noisy company stuffing."
Oy3g4SEKNw0,https://www.youtube.com/watch?v=Oy3g4SEKNw0,dsa,2023-04-18T13:00:17Z,"Binary Tree Zigzag Level Order Traversal: 103 - tree interview @ google, apple,amazon,meta,microsoft",100,Binary Tree Zigzag Level Order | LeetCode 103,45,"Binary Tree Zigzag Level Order Traversal LeetCode 103 explained with a BFS level-order approach.

Learn how to traverse a binary tree level by level, alternate direction for zigzag output, and manage queues cleanly in interview code. This medium tree problem strengthens BFS fundamentals for FAANG/MAANG coding interviews.

Subscribe to Destination FAANG and practice more binary tree patterns.

#LeetCode #BinaryTree #BFS #CodingInterview #FAANG",Front-loads the full problem name and LeetCode number with BFS for better discovery.
o8z2tHYrg_o,https://www.youtube.com/watch?v=o8z2tHYrg_o,dsa,2023-04-17T20:30:03Z,"Number of Connected Components in an Undirected Graph: 323 - graph question @ google, microsoft,meta",100,Connected Components | LeetCode 323 (Graph BFS),47,"Number of Connected Components in an Undirected Graph LeetCode 323 explained with graph BFS.

Learn how to count components, maintain a visited set, and traverse an undirected graph efficiently for interview-style problems. This medium graph pattern appears often in LeetCode practice and FAANG/MAANG technical interviews.

Subscribe to Destination FAANG for more graph interview walkthroughs.

#LeetCode #Graph #BFS #CodingInterview #Algorithms","Shortens an overlong title while keeping the exact problem, number, and graph BFS keyword."
A1UG1Fc-TVc,https://www.youtube.com/watch?v=A1UG1Fc-TVc,dsa,2023-04-15T16:07:20Z,Master Breadth-First Search coding pattern for Your Dream IT Job: Crack the Coding Interview,92,Breadth-First Search BFS | Coding Interview Pattern,51,"Breadth-First Search BFS explained as a coding interview pattern for trees, graphs, and LeetCode practice.

This tutorial walks through the core BFS idea, level-order traversal, graph exploration, and example problems that help you recognize when a queue-based approach fits. Use it to prepare for FAANG/MAANG technical interviews and strengthen algorithm fundamentals.

Subscribe to Destination FAANG and practice BFS problems next.

#BFS #BreadthFirstSearch #LeetCode #CodingInterview #FAANG",Targets both full-form and acronym BFS searches while clarifying the pattern focus.
0F49FLuzScU,https://www.youtube.com/watch?v=0F49FLuzScU,dsa,2023-04-12T08:45:00Z,"Remove Duplicates from Sorted Array: 26 - Array interview question @ google, apple, amazon,microsoft",100,Remove Duplicates From Sorted Array | LeetCode 26,49,"Remove Duplicates from Sorted Array LeetCode 26 explained with the two pointers pattern.

Learn how to update the array in place, track the next write position, and reason about sorted-array constraints. This easy LeetCode problem is a foundational two pointers exercise for coding interviews and FAANG/MAANG prep.

Subscribe to Destination FAANG and practice more array patterns.

#LeetCode #TwoPointers #Arrays #CodingInterview #FAANG",Uses the exact problem query and the two-pointers technique instead of a long company list.
YrB_zKEHgmQ,https://www.youtube.com/watch?v=YrB_zKEHgmQ,dsa,2023-04-11T11:00:21Z,"Remove Interval: 1272 - leetcode premium interview question @ google, apple, amazon, meta, microsoft",100,Remove Interval | LeetCode 1272 (Intervals),43,"Remove Interval LeetCode 1272 explained with an interval-splitting approach for interview prep.

Learn how to compare ranges, keep non-overlapping parts, and handle the cases where an interval is trimmed or split. This medium premium LeetCode problem helps build confidence with interval patterns for FAANG/MAANG coding interviews.

Subscribe to Destination FAANG and practice more interval problems.

#LeetCode #Intervals #Arrays #CodingInterview #FAANG",Highlights the premium LeetCode interval problem and the core interval-splitting pattern.
XWyXy2aNrXM,https://www.youtube.com/watch?v=XWyXy2aNrXM,dsa,2023-04-09T14:59:45Z,Master the Fast & Slow Pointer Coding Pattern for FAANG Interviews! Boost Your Coding Skills,92,Fast & Slow Pointers | Coding Interview Pattern,47,"Fast and Slow Pointers explained as a reusable coding interview pattern for LeetCode problems.

Learn how the tortoise-and-hare idea helps detect cycles, find midpoints, and solve linked-list style questions through three practical examples. This pattern is valuable for FAANG/MAANG technical interviews and DSA practice.

Subscribe to Destination FAANG and add this pattern to your interview toolkit.

#TwoPointers #FastSlowPointers #LeetCode #CodingInterview #FAANG",Turns a broad promise into a searchable pattern title with clear use cases from the description.
HNSHVtSGMFk,https://www.youtube.com/watch?v=HNSHVtSGMFk,dsa,2023-04-07T22:10:09Z,Master the Interval Coding Pattern: Crush FAANG technical Interviews with This Crucial Technique! 🔥,99,Interval Coding Pattern | FAANG Interview Prep,46,"Interval coding pattern explained for FAANG-style technical interviews and LeetCode range problems.

Learn how to think about overlaps, merging, removing, and comparing intervals so you can solve related questions more systematically. This tutorial is for software engineering candidates who want stronger DSA pattern recognition before interviews.

Subscribe to Destination FAANG and practice interval problems regularly.

#Intervals #CodingPatterns #LeetCode #FAANG #CodingInterview",Centers the title on the exact interval pattern and removes hype while preserving the interview-prep benefit.
Fue0SgYBxrc,https://www.youtube.com/watch?v=Fue0SgYBxrc,dsa,2023-03-30T01:14:59Z,Master the 2-Pointers Coding Pattern: Techniques and Examples for IT Jobs & FAANG  Success,90,Two Pointers Pattern | LeetCode Interview Guide,47,"Two Pointers pattern explained for LeetCode, sliding window, and technical interview prep.

Learn when to use left/right pointers, how pointer movement reduces brute force work, and how this technique connects to common array and string problems. This guide is built for FAANG/MAANG candidates strengthening coding-pattern recognition.

Subscribe to Destination FAANG and practice two pointers problems next.

#TwoPointers #SlidingWindow #LeetCode #CodingInterview #FAANG",Uses the standard searchable term “Two Pointers” and connects it to LeetCode interview practice.
Te_MCY4uG-M,https://www.youtube.com/watch?v=Te_MCY4uG-M,dsa,2023-03-28T14:21:37Z,"Contains Duplicate II: 219 - Array interview question @ google, apple, amazon, meta, microsoft, uber",100,Contains Duplicate II | LeetCode 219 (Sliding Window),53,"Contains Duplicate II LeetCode 219 explained with sliding window and hashmap techniques.

Learn how to track recent indices, enforce the distance constraint, and avoid unnecessary brute force checks. This easy array problem is a practical way to master hashmaps, windows, and interview-ready reasoning for FAANG/MAANG prep.

Subscribe to Destination FAANG and practice more sliding window problems.

#LeetCode #SlidingWindow #HashMap #Arrays #CodingInterview",Front-loads the problem and adds the two searchable techniques from the original description.
CHVSDFeC-L4,https://www.youtube.com/watch?v=CHVSDFeC-L4,dsa,2023-03-27T23:05:08Z,Master the Sliding Window Technique: Coding Patterns for IT Jobs & FAANG Companies Success,90,Sliding Window Technique | Coding Interview Pattern,51,"Sliding Window technique explained as a coding interview pattern for arrays and strings.

Learn how to recognize fixed and variable window problems, move pointers efficiently, and reduce brute force solutions in LeetCode-style questions. This tutorial is useful for FAANG/MAANG candidates building a repeatable DSA problem-solving toolkit.

Subscribe to Destination FAANG and practice sliding window problems today.

#SlidingWindow #CodingPatterns #LeetCode #CodingInterview #FAANG",Optimizes around the high-intent “Sliding Window Technique” query and clarifies the problem types.
QR9IL__cMPw,https://www.youtube.com/watch?v=QR9IL__cMPw,dsa,2023-03-27T10:47:04Z,Dumbest problem on LeetCode. 🫤 ..!!!,36,Add Two Integers | LeetCode 2235 Explained,42,"Add Two Integers LeetCode 2235 explained with a quick look at one of the simplest LeetCode problems.

This video walks through the basic idea behind adding two integers and why the problem feels unusually straightforward compared with typical coding interview questions. Use it as a light, beginner-friendly LeetCode warmup before moving into harder DSA patterns.

Subscribe to Destination FAANG for more LeetCode practice and interview prep.

#LeetCode #Coding #BeginnerCoding #InterviewPrep #FAANG","Replaces negative wording with the searchable problem name, number, and beginner-friendly hook."
5OASnPQ_-6k,https://www.youtube.com/watch?v=5OASnPQ_-6k,dsa,2023-03-24T18:07:05Z,Empowering iphone with Chatgpt || siri + chatgpt #chatgpt4 #iphone,66,Siri With ChatGPT | iPhone Automation Demo,42,"Siri with ChatGPT on iPhone explained in a practical automation demo.

Learn how this setup connects voice interaction with ChatGPT-style assistance and why it can be useful for productivity, coding questions, and everyday AI workflows. This tech explainer fits viewers interested in ChatGPT, iPhone tips, and AI tools for software learners.

Subscribe to Destination FAANG for more AI, coding, and tech tutorials.

#ChatGPT #Siri #iPhone #AI #TechTutorial","Moves the most searched terms—Siri, ChatGPT, and iPhone—to the front and clarifies it as a demo."
0_vbbx0NGEM,https://www.youtube.com/watch?v=0_vbbx0NGEM,dsa,2023-03-23T23:52:09Z,Learn how to Access ChatGPT 4 for free  #chatgpt4 #free,55,Access ChatGPT-4 For Free | Step-By-Step Guide,46,"Access ChatGPT-4 for free explained in a simple step-by-step tutorial.

This video shows the process for trying ChatGPT-4 access based on the method demonstrated, with a focus on AI tools, coding help, and practical experimentation. It is useful for viewers exploring ChatGPT, OpenAI tools, and productivity workflows for software learning.

Subscribe to Destination FAANG for more ChatGPT and coding tutorials.

#ChatGPT4 #ChatGPT #OpenAI #AI #TechTutorial",Front-loads the high-intent “Access ChatGPT-4” query and frames the video as a tutorial without overclaiming.
U0AGUKdfSeM,https://www.youtube.com/watch?v=U0AGUKdfSeM,dsa,2023-03-23T12:44:56Z,ChatGPT - 4 vs ChatGPT - 3  || comparing capabilities of latest open ai chatGPT 4 #chatgpt4,91,ChatGPT-4 Vs ChatGPT-3.5 | Capabilities Compared,48,"ChatGPT-4 vs ChatGPT-3.5 compared through capabilities, examples, and practical AI use cases.

This explainer looks at how the newer ChatGPT model differs from earlier ChatGPT behavior, especially for demos, coding help, and productivity tasks. Watch if you are exploring AI tools for software development, interview prep, or everyday learning.

Subscribe to Destination FAANG for more ChatGPT explainers and tech tutorials.

#ChatGPT4 #ChatGPT #OpenAI #AI #TechExplained",Uses a common comparison search phrase and removes repeated wording from the original title.
Uu6ZIBZBhTc,https://www.youtube.com/watch?v=Uu6ZIBZBhTc,dsa,2023-03-16T22:01:56Z,How to access ChatGPT - 4  #chatgpt4 #chatgptplus,49,How To Access ChatGPT-4 | ChatGPT Plus Guide,44,"How to access ChatGPT-4 explained for viewers exploring ChatGPT Plus and newer AI tools.

This tutorial focuses on the access path shown in the video and helps beginners understand where ChatGPT-4 fits in the OpenAI ecosystem. Use it as a quick guide if you are learning AI tools for coding, productivity, or technical interview preparation.

Subscribe to Destination FAANG for more ChatGPT and software-learning content.

#ChatGPT4 #ChatGPTPlus #OpenAI #AI #TechTutorial",Clarifies the access topic and adds ChatGPT Plus as a searchable keyword from the original title.
0AVOvcG56a4,https://www.youtube.com/watch?v=0AVOvcG56a4,dsa,2023-03-16T17:41:09Z,5 Golden Rules to ace any Coding or Technical Interview and get a job in tech industry.,87,5 Coding Interview Rules | Technical Interview Tips,51,"5 coding interview rules to help you prepare for technical interviews and tech job opportunities.

This video covers practical guidance for approaching coding rounds, organizing your preparation, and improving how you solve interview questions under pressure. Use these tips alongside LeetCode practice and DSA pattern review for FAANG/MAANG-style interviews.

Subscribe to Destination FAANG for more interview strategy and coding prep.

#CodingInterview #TechnicalInterview #InterviewTips #LeetCode #FAANG",Puts “coding interview rules” and “technical interview tips” first for stronger search intent.
VIJ-USd7SLE,https://www.youtube.com/watch?v=VIJ-USd7SLE,dsa,2023-03-15T20:06:39Z,ChatGPT - 4 solving interview questions from leetcode better than programmers- demo #chatgpt4,93,ChatGPT-4 Solves LeetCode | Coding Interview Demo,49,"ChatGPT-4 solves LeetCode-style interview questions in this coding capability demo.

Watch how ChatGPT is tested on programming problems, where AI can help explain solutions, and why developers still need to understand the underlying DSA concepts. This is useful for learners curious about AI-assisted coding and technical interview prep.

Subscribe to Destination FAANG for more ChatGPT, LeetCode, and coding content.

#ChatGPT4 #LeetCode #CodingInterview #AI #Programming",Targets ChatGPT-4 plus LeetCode searches while avoiding the overstated “better than programmers” claim.
PKXD2M2kaXQ,https://www.youtube.com/watch?v=PKXD2M2kaXQ,dsa,2023-03-08T00:02:44Z,Top 10 Golden Rules to ace any Coding or Technical Interview and get a job in tech industry.,92,Top 10 Coding Interview Rules | Tech Job Prep,45,"Top 10 coding interview rules for preparing technical interviews and improving your tech job search.

This video shares practical advice for coding rounds, problem-solving habits, and interview readiness for software engineering candidates. Pair these rules with LeetCode practice, DSA review, and behavioral preparation for FAANG/MAANG-style opportunities.

Subscribe to Destination FAANG for more coding interview strategy.

#CodingInterview #TechnicalInterview #TechJobs #LeetCode #FAANG",Makes the list format and interview-prep benefit clear within the title length limit.
1FQNMDPZXRc,https://www.youtube.com/watch?v=1FQNMDPZXRc,dsa,2023-03-03T13:36:57Z,"Game of Life: 289 - Array + Matrix interview question @ google, apple, amazon, meta, microsoft,tesla",100,Game Of Life | LeetCode 289 (Matrix Simulation),47,"Game of Life LeetCode 289 explained with matrix simulation for coding interviews.

Learn how to update a grid based on neighbor rules, reason about in-place state changes, and approach array/matrix problems systematically. This medium LeetCode problem is useful practice for simulation questions in FAANG/MAANG technical interviews.

Subscribe to Destination FAANG and practice more matrix problems.

#LeetCode #Matrix #Simulation #CodingInterview #FAANG","Adds the exact problem, number, and matrix simulation keyword instead of broad company stuffing."
q2fl7lUkc8o,https://www.youtube.com/watch?v=q2fl7lUkc8o,dsa,2023-03-02T21:08:33Z,"Valid Sudoku: 36 - Array + Matrix interview question @ google, apple, amazon, meta,microsoft, nvidia",100,Valid Sudoku | LeetCode 36 (HashSet Matrix),43,"Valid Sudoku LeetCode 36 explained with HashSet checks across rows, columns, and boxes.

Learn how to validate a Sudoku board efficiently, avoid duplicate values, and organize matrix constraints in clean interview code. This medium array/matrix problem is a strong HashSet practice question for FAANG/MAANG coding interviews.

Subscribe to Destination FAANG and practice more matrix interview problems.

#LeetCode #HashSet #Matrix #CodingInterview #FAANG",Front-loads the exact LeetCode problem and highlights HashSet plus matrix constraints.
inWxjvngXs8,https://www.youtube.com/watch?v=inWxjvngXs8,dsa,2023-02-28T15:52:14Z,Best Advice from a Tech Lead @ Infosys - When Microsoft Talks with Infosys - Tech Talk ft Manan Shah,100,Tech Lead Advice From Infosys | Career Talk,43,"Tech Lead advice from Infosys shared in a practical career-focused tech talk.

This conversation covers software engineering experience, leadership perspective, and guidance for developers growing in their careers. Watch if you are preparing for tech jobs, internships, or long-term growth as a software developer or engineer.

Subscribe to Destination FAANG for more career talks and interview prep.

#TechLead #Infosys #SoftwareEngineer #CareerAdvice #TechJobs",Makes the guest insight and career-advice angle searchable while keeping Infosys visible.
5Kkk8NBOrrY,https://www.youtube.com/watch?v=5Kkk8NBOrrY,misc,2023-02-10T10:27:24Z,My smiling baby.❤️❤️❤️,22,Smiling Baby | Cute Family Moment,33,"Smiling baby moment captured in a short, heartwarming family video.

This clip focuses on a happy baby smile and a simple personal memory. It is best for viewers looking for wholesome baby videos, cute family moments, and lighthearted content outside the usual tech interview prep playlist.

Subscribe to Destination FAANG for tech content and occasional personal moments.

#BabySmile #CuteBaby #Family #Wholesome #Shorts",Optimizes the non-tech clip honestly around baby-smile and family-moment search terms.
pMyRmTgzYOo,https://www.youtube.com/watch?v=pMyRmTgzYOo,misc,2023-02-09T17:36:16Z,My happiness. This is how my baby laughs. ❤️❤️❤️😘😘😘,51,Baby Laughing | Cute Family Happiness Moment,44,"Baby laughing in a cute family happiness moment captured on video.

This personal clip highlights a joyful baby laugh and a sweet everyday memory. Watch if you enjoy wholesome baby videos, family moments, and simple feel-good content alongside the channel's main tech and interview-prep videos.

Subscribe to Destination FAANG for coding content and occasional personal updates.

#BabyLaugh #CuteBaby #Family #Wholesome #HappyBaby",Keeps the rewrite accurate for a personal baby video and targets common cute-baby search queries.
WTuA4qNZky4,https://www.youtube.com/watch?v=WTuA4qNZky4,dsa,2023-01-27T11:56:04Z,"Moving Average from Data Stream: 346 - Design interview question -google,apple,amazon,meta,microsoft",100,Moving Average From Data Stream | LeetCode 346,46,"Moving Average from Data Stream LeetCode 346 explained with a queue-based design approach.

Learn how to maintain a sliding window over streaming values, update the running sum, and return the current average efficiently. This easy design problem is useful for system design fundamentals, queues, and FAANG/MAANG coding interview prep.

Subscribe to Destination FAANG and practice more design-style LeetCode problems.

#LeetCode #Queue #SystemDesign #CodingInterview #FAANG","Combines the exact problem name with queue, data stream, and design keywords for discovery."
gYNSX9yVuhQ,https://www.youtube.com/watch?v=gYNSX9yVuhQ,system-design,2023-01-20T13:01:53Z,"Logger Rate Limiter: 359 - System Design interview question @ google, apple, amazon, meta, microsoft",100,Logger Rate Limiter | LeetCode 359 System Design,48,"Logger Rate Limiter LeetCode 359 explained as a simple system design and hashing problem.

Learn how to decide whether a message should be printed, store timestamps efficiently, and reason about rate limiting behavior in interview code. This easy design question builds fundamentals for FAANG/MAANG system design and coding interviews.

Subscribe to Destination FAANG for more system design interview practice.

#LeetCode #SystemDesign #Hashing #RateLimiter #FAANG",Front-loads the system design problem and adds the rate limiter keyword users search for.
UoTI6zBIBMo,https://www.youtube.com/watch?v=UoTI6zBIBMo,dsa,2023-01-11T13:19:43Z,"Majority Element: 169 - Sorting + Array interview question @ google, apple, amazon, meta, microsoft",99,Majority Element | LeetCode 169 (Array Sorting),47,"Majority Element LeetCode 169 explained with array, sorting, and hashmap thinking for interviews.

Learn how to identify the element appearing more than half the time and compare common solution strategies, from straightforward counting to optimized reasoning. This easy LeetCode problem is core practice for FAANG/MAANG coding interviews.

Subscribe to Destination FAANG and practice more array fundamentals.

#LeetCode #Arrays #Sorting #HashMap #CodingInterview",Uses the exact LeetCode query and preserves the original array/sorting/hashmap signals.
P9_K8M4nnf0,https://www.youtube.com/watch?v=P9_K8M4nnf0,dsa,2023-01-09T07:50:58Z,"Reverse Nodes in k-Group: 25 - Linked list interview question -google, apple, amazon, meta,microsoft",100,Reverse Nodes In K-Group | LeetCode 25 (Hard),45,"Reverse Nodes in k-Group LeetCode 25 explained for linked list interview practice.

Learn how to reverse nodes in groups, manage pointers safely, and reason about recursive or iterative linked-list transformations. This hard LeetCode problem is a high-value practice question for FAANG/MAANG technical interviews.

Subscribe to Destination FAANG and keep practicing linked list patterns.

#LeetCode #LinkedList #Recursion #CodingInterview #FAANG","Shortens the title while keeping the hard LeetCode problem name, number, and linked-list focus."
R2z9NVDN0Ic,https://www.youtube.com/watch?v=R2z9NVDN0Ic,dsa,2023-01-04T15:07:55Z,"Day 1 at Microsoft - hired - My Microsoft journey - Part 3  #microsoft #faang tech jobs,",88,Day 1 At Microsoft | My Microsoft Journey Part 3,48,"Day 1 at Microsoft shared as part 3 of a personal Microsoft journey after getting hired.

This career video reflects on the first-day experience, growth mindset, and transition into a Microsoft role. Watch if you are preparing for tech jobs, learning about software career paths, or looking for motivation from a real hiring journey.

Subscribe to Destination FAANG for more career stories and interview prep.

#Microsoft #TechJobs #CareerJourney #SoftwareEngineer #FAANG",Places Microsoft and Day 1 first for search while clarifying the career-story format.
7tP3XyK4YLA,https://www.youtube.com/watch?v=7tP3XyK4YLA,behavioral,2023-01-02T09:59:19Z,RBC Interview Experience: Hired at Royal Bank Of Canada || Technical + behavioral interview,91,RBC Interview Experience | Technical & Behavioral,49,"RBC interview experience covering technical and behavioral rounds for software candidates.

This video shares a hired-at-Royal-Bank-of-Canada journey, interview process insights, and lessons for preparing stronger answers. Use it to understand how technical skills and behavioral communication both matter in developer interviews.

Subscribe to Destination FAANG for more interview experiences and job prep.

#RBC #InterviewExperience #BehavioralInterview #TechnicalInterview #TechJobs","Makes RBC, interview experience, and technical/behavioral keywords visible within a concise title."
3IrFrQ2JSfg,https://www.youtube.com/watch?v=3IrFrQ2JSfg,dsa,2022-12-21T09:41:22Z,"Flatten Binary Tree to Linked List: 114 - interview question @ google, apple, amazon, meta,microsoft",100,Flatten Binary Tree To Linked List | LeetCode 114,49,"Flatten Binary Tree to Linked List LeetCode 114 explained with DFS and recursion.

Learn how to transform a binary tree into a linked-list-like structure, manage node pointers, and think through preorder traversal logic. This medium tree problem is valuable practice for FAANG/MAANG coding interviews and recursive tree patterns.

Subscribe to Destination FAANG and practice more binary tree questions.

#LeetCode #BinaryTree #DFS #Recursion #CodingInterview",Front-loads the exact problem title and adds DFS/recursion keywords from the original description.
MYtp__JpTns,https://www.youtube.com/watch?v=MYtp__JpTns,dsa,2022-12-18T01:43:13Z,"Add Two Numbers: 2 - Linked List + Math interview question @ google, apple, amazon, meta, microsoft",99,Add Two Numbers | LeetCode 2 (Linked List),42,"Add Two Numbers LeetCode 2 explained with linked list and math reasoning for interviews.

Learn how to add digits node by node, handle carry values, and build the resulting linked list cleanly. This medium LeetCode classic is essential practice for linked list fundamentals and FAANG/MAANG coding interview preparation.

Subscribe to Destination FAANG and practice more linked list problems.

#LeetCode #LinkedList #Math #CodingInterview #FAANG",Uses the high-volume exact problem query with the core linked-list technique.
N8DefKVUIKw,https://www.youtube.com/watch?v=N8DefKVUIKw,dsa,2022-12-17T00:36:35Z,"First Missing Positive: 41 - Hashing + Array interview question @ google,apple,amazon,meta,microsoft",100,First Missing Positive | LeetCode 41 (Hard Array),49,"First Missing Positive LeetCode 41 explained with array and hashing-style reasoning.

Learn how to find the smallest missing positive integer, think beyond brute force, and handle tricky edge cases in a hard array problem. This is a strong FAANG/MAANG interview practice question for candidates sharpening problem-solving skills.

Subscribe to Destination FAANG and practice more hard LeetCode problems.

#LeetCode #Arrays #Hashing #CodingInterview #FAANG",Highlights the hard LeetCode problem and keeps array/hash keywords prominent for search.
isLTjdCw52s,https://www.youtube.com/watch?v=isLTjdCw52s,dsa,2022-12-14T23:00:10Z,"Word Ladder: 127 - Hashing + Graph interview question @ google, apple, amazon, meta, microsoft, tcs",99,Word Ladder | LeetCode 127 (BFS Graph),38,"Word Ladder LeetCode 127 explained with BFS, hashing, and graph traversal ideas.

Learn how to model word transformations as graph edges, search level by level, and find the shortest transformation length. This hard LeetCode problem is a classic for FAANG/MAANG interviews and graph BFS practice.

Subscribe to Destination FAANG and practice more graph interview problems.

#LeetCode #WordLadder #BFS #Graph #CodingInterview","Front-loads the classic problem name and combines BFS, graph, and hashing search terms."
ZzSjFf1svT8,https://www.youtube.com/watch?v=ZzSjFf1svT8,dsa,2022-12-14T06:17:28Z,"How to access chatGPT || How does it work || ChatGPT Demo,  ChatGPT Coding",74,How To Access ChatGPT | Demo And Coding Use Cases,49,"How to access ChatGPT explained with a demo, coding examples, and practical AI use cases.

This beginner-friendly video introduces ChatGPT, how it works at a high level, and how developers can explore it for code, explanations, and productivity. Watch if you are new to OpenAI tools or curious about AI for software learning.

Subscribe to Destination FAANG for more ChatGPT and coding tutorials.

#ChatGPT #OpenAI #AI #Coding #TechTutorial",Targets “how to access ChatGPT” searches and includes demo/coding use cases from the original title.
UeMUwH6sszQ,https://www.youtube.com/watch?v=UeMUwH6sszQ,dsa,2022-12-09T08:33:32Z,"ChatGPT Explained - What is ChatGPT - how it works - ChatGPT Demo, coding, essay. ChatGPT vs Google.",100,"ChatGPT Explained | Demo, Coding And Google Comparison",54,"ChatGPT explained with a demo, coding examples, essays, and a comparison with Google-style search.

Learn what ChatGPT is, how it can respond to prompts, and why it became useful for software developers, learners, and tech interview preparation. This explainer is for beginners exploring OpenAI, AI tools, and practical coding assistance.

Subscribe to Destination FAANG for more AI and programming explainers.

#ChatGPT #OpenAI #AI #Coding #TechExplained",Consolidates repeated phrases into a clear searchable ChatGPT explainer title.
vy7ZJ4TdyS8,https://www.youtube.com/watch?v=vy7ZJ4TdyS8,dsa,2022-12-07T05:12:39Z,"Copy List with Random Pointer: 138 - Leetcode Interview que @ google, apple, amazon, meta, microsoft",100,Copy List With Random Pointer | LeetCode 138,44,"Copy List with Random Pointer LeetCode 138 explained with linked list and hash table concepts.

Learn how to clone nodes, preserve random pointers, and reason through graph-like references in a linked list. This medium LeetCode problem is a popular FAANG/MAANG interview question for mastering pointers and data structure mapping.

Subscribe to Destination FAANG and practice more linked list problems.

#LeetCode #LinkedList #HashTable #CodingInterview #FAANG",Uses the exact problem name and number while surfacing linked list and hash table keywords.
qmkr61ySQwQ,https://www.youtube.com/watch?v=qmkr61ySQwQ,dsa,2022-12-03T21:02:43Z,"Roman to Integer: 13 - Hashing + String interview question @ google, apple, amazon, meta, microsoft",99,Roman To Integer | LeetCode 13 (String Hashing),47,"Roman to Integer LeetCode 13 explained with string parsing, math, and hashing ideas.

Learn how to convert Roman numerals, handle subtractive cases, and implement a clean solution for this easy LeetCode problem. It is a useful warmup for string processing and FAANG/MAANG coding interview fundamentals.

Subscribe to Destination FAANG and practice more string problems.

#LeetCode #Strings #Hashing #CodingInterview #FAANG",Front-loads the exact easy LeetCode problem and adds the core string/hash technique.
lqdgGNGPS68,https://www.youtube.com/watch?v=lqdgGNGPS68,dsa,2022-12-02T23:59:55Z,"Find the Celebrity: 277- graph interview question @ google, apple, amazon, meta, microsoft, Linkedin",100,Find The Celebrity | LeetCode 277 (Two Pointers),48,"Find the Celebrity LeetCode 277 explained with graph, greedy, and two pointers reasoning.

Learn how to reduce candidates, use the knows relationship, and verify the celebrity condition efficiently. This medium premium LeetCode problem is a strong interview exercise for FAANG/MAANG candidates practicing elimination patterns.

Subscribe to Destination FAANG and practice more graph interview questions.

#LeetCode #TwoPointers #Graph #Greedy #CodingInterview",Highlights the premium problem and the searchable two-pointers elimination technique.
_RWV4hZdmdk,https://www.youtube.com/watch?v=_RWV4hZdmdk,dsa,2022-12-01T05:45:54Z,"Course Schedule II : 210 - graph interview question @ google, apple, amazon, meta, microsoft, tesla",99,Course Schedule II | LeetCode 210 Topological Sort,50,"Course Schedule II LeetCode 210 explained with graph DFS and topological sort.

Learn how prerequisites form a directed graph, how to order courses safely, and why cycle awareness matters in interview solutions. This medium graph problem is core practice for FAANG/MAANG technical interviews and dependency-ordering questions.

Subscribe to Destination FAANG and practice more graph patterns.

#LeetCode #TopologicalSort #Graph #DFS #CodingInterview","Puts Course Schedule II and topological sort first, the highest-value search terms for this problem."
TAXt_TkSNfw,https://www.youtube.com/watch?v=TAXt_TkSNfw,dsa,2022-11-28T06:39:11Z,"Race Car: 818 - Google's most asked Dynamic Programming interview question - Microsoft, Amazon",94,Race Car | LeetCode 818 (Hard DP),33,"Race Car LeetCode 818 explained with dynamic programming and recursion ideas for hard interview prep.

Learn how to think about states, moves, and optimization instead of brute forcing every path. This hard LeetCode problem is valuable for advanced DSA practice and FAANG/MAANG candidates building confidence with DP reasoning.

Subscribe to Destination FAANG and practice more dynamic programming problems.

#LeetCode #DynamicProgramming #Recursion #CodingInterview #FAANG",Shortens the title to the exact problem and hard DP keywords while removing unnecessary company claims.
VFQddcCP46c,https://www.youtube.com/watch?v=VFQddcCP46c,dsa,2022-11-26T01:48:39Z,"Regular Expression Matching: 10 - Dynamic Programming interview - google,apple,amazon,meta,microsoft",100,Regular Expression Matching | LeetCode 10 DP,44,"Regular Expression Matching LeetCode 10 explained with dynamic programming, strings, and recursion.

Learn how to reason about pattern matching, handle special characters, and build a DP solution for one of LeetCode's classic hard problems. This is high-value practice for FAANG/MAANG technical interviews and advanced string DP.

Subscribe to Destination FAANG and practice more hard DP problems.

#LeetCode #DynamicProgramming #Strings #CodingInterview #FAANG",Targets the exact classic problem query and makes DP/string keywords prominent.
d_1GRnMg_zs,https://www.youtube.com/watch?v=d_1GRnMg_zs,dsa,2022-11-22T10:31:30Z,"Jump Game - II : 22 - Dynamic Programming interview question @ google, apple, amazon, meta,microsoft",100,Jump Game II | Greedy And DP Explained,38,"Jump Game II explained with greedy and dynamic programming thinking for coding interviews.

Learn how to reason about minimum jumps, array reachability, and why an optimized approach can beat brute force. This medium LeetCode-style problem is useful for FAANG/MAANG candidates practicing arrays, greedy choices, and DP intuition.

Subscribe to Destination FAANG and practice more array interview problems.

#LeetCode #Greedy #DynamicProgramming #Arrays #CodingInterview",Avoids the conflicting problem number in the original title and focuses on the searchable problem name plus techniques.
VzMyeCMLdPI,https://www.youtube.com/watch?v=VzMyeCMLdPI,dsa,2022-11-20T01:44:51Z,"Generate Parentheses: 22 - recursion/backtracking solution @ google, apple, amazon, meta, microsoft",99,Generate Parentheses | LeetCode 22 Backtracking,47,"Generate Parentheses LeetCode 22 explained with recursion and backtracking.

Learn how to build valid parentheses combinations, track open and close counts, and avoid invalid states while exploring choices. This medium LeetCode problem is a core backtracking pattern for FAANG/MAANG coding interviews.

Subscribe to Destination FAANG and practice more recursion problems.

#LeetCode #Backtracking #Recursion #CodingInterview #FAANG","Front-loads the exact problem and emphasizes backtracking, the main search intent for this solution."
UiKuKIbwpms,https://www.youtube.com/watch?v=UiKuKIbwpms,system-design,2022-11-18T07:11:04Z,"Preparation Material for IT jobs - technical, behavioral, system design interviews-fight the layoffs",100,"IT Job Interview Prep | Coding, Behavioral, System Design",57,"IT job interview prep covering coding, behavioral, and system design preparation during a tough tech market.

This video points viewers toward preparation material for technical rounds, behavioral interviews, and system design practice. Use it as a starting point if you are organizing your FAANG/MAANG interview plan or rebuilding confidence during layoffs.

Subscribe to Destination FAANG for structured interview prep resources.

#InterviewPrep #SystemDesign #CodingInterview #BehavioralInterview #TechJobs",Turns a broad resource video into a searchable interview-prep title with the three key prep areas.
qNOOgOxPLBQ,https://www.youtube.com/watch?v=qNOOgOxPLBQ,dsa,2022-11-13T08:55:06Z,Tips on how to get a job @ Amazon - Tech talk with an Amazonian & a youtuber - Pratiksha Bakrola,96,Amazon Job Tips | Tech Talk With An Amazonian,45,"Amazon job tips shared in a tech talk with an Amazonian and YouTuber Pratiksha Bakrola.

This conversation focuses on advice for candidates interested in Amazon roles, software careers, and interview preparation. Watch for practical perspective on tech jobs, career growth, and how to approach opportunities in competitive software engineering environments.

Subscribe to Destination FAANG for more career talks and interview prep.

#AmazonJobs #TechTalk #CareerAdvice #SoftwareEngineer #InterviewPrep",Moves Amazon job tips to the front and preserves the guest-tech-talk angle without overloading keywords.
f0EEHwaY3HY,https://www.youtube.com/watch?v=f0EEHwaY3HY,dsa,2022-11-09T03:58:00Z,"Pascal's Triangle: 118 - dynamic programming interview google, apple, amazon, meta, uber, microsoft",99,Pascal's Triangle | LeetCode 118 (Easy),39,"Pascal's Triangle (LeetCode 118) explained with dynamic programming so you can solve it faster in coding interviews.

In this Destination FAANG walkthrough, you learn how to build each row from the values above it, why the pattern works, and how to reason through time and space complexity. Use it to strengthen array and DP fundamentals for FAANG/MAANG technical interview prep, LeetCode practice, and DSA revision. The goal is to help you recognize the pattern, avoid common mistakes, and explain your solution clearly in an interview.

Subscribe and practice the pattern before your next mock interview.
#LeetCode #DynamicProgramming #CodingInterview #FAANG",Front-loaded the searchable problem name and LeetCode number while replacing company stuffing with a clear technique-focused hook.
aPD6g96fRO4,https://www.youtube.com/watch?v=aPD6g96fRO4,dsa,2022-11-06T01:11:17Z,"Find First and Last Position of Element in Sorted Array: 34 - interview @ google, amazon, microsoft",99,Find First/Last Position | LeetCode 34 (Medium),47,"Find First and Last Position (LeetCode 34) explained with binary search so you can solve it faster in coding interviews.

In this Destination FAANG walkthrough, you learn how to locate the left and right boundaries in a sorted array, why the pattern works, and how to reason through time and space complexity. Use it to strengthen search-space thinking and edge cases for FAANG/MAANG technical interview prep, LeetCode practice, and DSA revision. The goal is to help you recognize the pattern, avoid common mistakes, and explain your solution clearly in an interview.

Subscribe and practice the pattern before your next mock interview.
#LeetCode #BinarySearch #CodingInterview #FAANG",Front-loaded the searchable problem name and LeetCode number while replacing company stuffing with a clear technique-focused hook.
nGehKzdZxe4,https://www.youtube.com/watch?v=nGehKzdZxe4,dsa,2022-10-28T04:48:36Z,Advice for software developers & interns By a Professional Coder & SR Software Developer - Tech Talk,100,Software Developer Advice — Interns & Junior Engineers,54,"Software developer advice for interns and junior engineers who want clearer career direction in tech interviews and real teams.

This tech talk shares practical guidance from a professional coder and senior software developer perspective. Watch for career lessons around programming growth, internship expectations, developer habits, communication, and preparing for software engineering roles. It is useful for students, junior developers, and interview-prep learners aiming for stronger FAANG/MAANG readiness.

Subscribe to Destination FAANG for DSA, career, and interview prep practice.
#SoftwareEngineer #CareerAdvice #Internship #FAANG",Shifted the title and description toward high-intent interview/career keywords with a clearer first-line hook.
w__3KFLNKww,https://www.youtube.com/watch?v=w__3KFLNKww,dsa,2022-10-24T05:18:28Z,Microsoft Interview Experience - My Microsoft journey - Part 2  #cloudarchitect #faang #microsoft,97,Microsoft Interview Experience — Journey Part 2,47,"Microsoft interview experience, journey part 2: learn how the process felt from preparation through technical and career conversations.

This video continues the Microsoft journey with practical interview-prep context for software engineers and cloud-focused candidates. Use it to understand the mindset, preparation themes, and lessons that can help you approach big-tech interviews more confidently without relying on guesswork.

Subscribe to Destination FAANG for DSA, system design, and career prep.
#MicrosoftInterview #InterviewExperience #SoftwareEngineer #FAANG",Shifted the title and description toward high-intent interview/career keywords with a clearer first-line hook.
l6wa64E3M6w,https://www.youtube.com/watch?v=l6wa64E3M6w,dsa,2022-10-21T06:50:02Z,Hired at Microsoft - Part 1: Incredible Story of how I got The Interview - Completed FAANGMULA Dream,100,Hired At Microsoft — How I Got The Interview,44,"Hired at Microsoft story: how the interview opportunity started and what candidates can learn from the journey.

This part 1 video focuses on the path to getting the Microsoft interview and the motivation behind the FAANGMULA dream. Watch for career-prep lessons, networking and opportunity mindset, and interview preparation takeaways for software engineers aiming at Microsoft or other FAANG/MAANG roles.

Subscribe to Destination FAANG for coding interview and career prep.
#MicrosoftInterview #CareerAdvice #SoftwareEngineer #FAANG",Shifted the title and description toward high-intent interview/career keywords with a clearer first-line hook.
oc3OOtGmH6U,https://www.youtube.com/watch?v=oc3OOtGmH6U,dsa,2022-10-18T02:34:07Z,"Next Permutation: 31 - array interview @ google, apple, amazon, facebook, uber, microsoft, tik tok",98,Next Permutation | LeetCode 31 (Medium),39,"Next Permutation (LeetCode 31) explained with array scanning and reversal so you can solve it faster in coding interviews.

In this Destination FAANG walkthrough, you learn how to find the pivot, swap correctly, and reverse the suffix, why the pattern works, and how to reason through time and space complexity. Use it to strengthen in-place array manipulation for FAANG/MAANG technical interview prep, LeetCode practice, and DSA revision. The goal is to help you recognize the pattern, avoid common mistakes, and explain your solution clearly in an interview.

Subscribe and practice the pattern before your next mock interview.
#LeetCode #Arrays #CodingInterview #FAANG",Front-loaded the searchable problem name and LeetCode number while replacing company stuffing with a clear technique-focused hook.
LRM4qiHLYCE,https://www.youtube.com/watch?v=LRM4qiHLYCE,dsa,2022-10-09T07:19:59Z,"Median of Two Sorted Arrays: 4 array interview @ google, apple, amazon, meta, microsoft, tiktok, tcs",100,Median Of Two Sorted Arrays | LeetCode 4 (Hard),47,"Median of Two Sorted Arrays (LeetCode 4) explained with binary search and divide and conquer so you can solve it faster in coding interviews.

In this Destination FAANG walkthrough, you learn how to reason about partitions across two sorted arrays, why the pattern works, and how to reason through time and space complexity. Use it to strengthen hard interview problem-solving for FAANG/MAANG technical interview prep, LeetCode practice, and DSA revision. The goal is to help you recognize the pattern, avoid common mistakes, and explain your solution clearly in an interview.

Subscribe and practice the pattern before your next mock interview.
#LeetCode #BinarySearch #Arrays #FAANG",Front-loaded the searchable problem name and LeetCode number while replacing company stuffing with a clear technique-focused hook.
Z9qEolBKo9Y,https://www.youtube.com/watch?v=Z9qEolBKo9Y,behavioral,2022-09-30T20:30:03Z,"Amazon Interview Experience, Review, Preparation, Technical & Behavioral questions, SDE Phone Screen",100,Amazon SDE Phone Screen — Interview Experience & Prep,53,"Amazon SDE phone screen experience with technical and behavioral prep lessons for candidates targeting big-tech interviews.

This video reviews the Amazon interview process from a candidate perspective, including preparation themes, technical question areas, and behavioral readiness around leadership principles. Use it to plan your own SDE interview practice and avoid going into the phone screen unprepared.

Subscribe to Destination FAANG for DSA, behavioral, and career prep.
#AmazonInterview #SDE #BehavioralInterview #FAANG",Shifted the title and description toward high-intent interview/career keywords with a clearer first-line hook.
wi8fqhNoV-Y,https://www.youtube.com/watch?v=wi8fqhNoV-Y,dsa,2022-09-29T16:51:50Z,"Container With Most Water: 11 - array interview @ apple, amazon, facebook, Google, microsoft, tesla",99,Container With Most Water | LeetCode 11 (Medium),48,"Container With Most Water (LeetCode 11) explained with two pointers so you can solve it faster in coding interviews.

In this Destination FAANG walkthrough, you learn how to move the limiting pointer to maximize area, why the pattern works, and how to reason through time and space complexity. Use it to strengthen array pattern recognition for FAANG/MAANG technical interview prep, LeetCode practice, and DSA revision. The goal is to help you recognize the pattern, avoid common mistakes, and explain your solution clearly in an interview.

Subscribe and practice the pattern before your next mock interview.
#LeetCode #TwoPointers #CodingInterview #FAANG",Front-loaded the searchable problem name and LeetCode number while replacing company stuffing with a clear technique-focused hook.
WtloSzFYvho,https://www.youtube.com/watch?v=WtloSzFYvho,dsa,2022-09-16T07:26:10Z,"3 Sum: 15 - array technical interview @ apple, amazon, facebook, Google, microsoft, infosys, tiktok",99,3Sum | LeetCode 15 (Medium) — Two Pointers,42,"3Sum (LeetCode 15) explained with sorting and two pointers so you can solve it faster in coding interviews.

In this Destination FAANG walkthrough, you learn how to skip duplicates and find unique triplets, why the pattern works, and how to reason through time and space complexity. Use it to strengthen array interview patterns for FAANG/MAANG technical interview prep, LeetCode practice, and DSA revision. The goal is to help you recognize the pattern, avoid common mistakes, and explain your solution clearly in an interview.

Subscribe and practice the pattern before your next mock interview.
#LeetCode #TwoPointers #Arrays #FAANG",Front-loaded the searchable problem name and LeetCode number while replacing company stuffing with a clear technique-focused hook.
c9ywRRJcP1Y,https://www.youtube.com/watch?v=c9ywRRJcP1Y,dsa,2022-09-09T19:49:16Z,"Two Sum II - Input Array Is Sorted: 167 - array interview @ microsoft, meta, amazon, Google, apple",98,Two Sum II | LeetCode 167 (Medium),34,"Two Sum II (LeetCode 167) explained with two pointers so you can solve it faster in coding interviews.

In this Destination FAANG walkthrough, you learn how to use the sorted input to shrink the search from both ends, why the pattern works, and how to reason through time and space complexity. Use it to strengthen clean pointer movement and edge cases for FAANG/MAANG technical interview prep, LeetCode practice, and DSA revision. The goal is to help you recognize the pattern, avoid common mistakes, and explain your solution clearly in an interview.

Subscribe and practice the pattern before your next mock interview.
#LeetCode #TwoPointers #Arrays #FAANG",Front-loaded the searchable problem name and LeetCode number while replacing company stuffing with a clear technique-focused hook.
sE_4DzVc71w,https://www.youtube.com/watch?v=sE_4DzVc71w,dsa,2022-09-02T06:08:43Z,"Search in Rotated Sorted Array: 33 -array interview @ google, amazon, meta, apple, microsoft, tiktok",100,Search Rotated Sorted Array | LeetCode 33 (Medium),50,"Search in Rotated Sorted Array (LeetCode 33) explained with modified binary search so you can solve it faster in coding interviews.

In this Destination FAANG walkthrough, you learn how to identify the sorted half before discarding search space, why the pattern works, and how to reason through time and space complexity. Use it to strengthen rotated array interview logic for FAANG/MAANG technical interview prep, LeetCode practice, and DSA revision. The goal is to help you recognize the pattern, avoid common mistakes, and explain your solution clearly in an interview.

Subscribe and practice the pattern before your next mock interview.
#LeetCode #BinarySearch #Arrays #FAANG",Front-loaded the searchable problem name and LeetCode number while replacing company stuffing with a clear technique-focused hook.
Dr69TSfv9JI,https://www.youtube.com/watch?v=Dr69TSfv9JI,dsa,2022-09-01T03:07:46Z,"Find Minimum in Rotated Sorted Array: 153 - array interview @ amazon, Google, apple, meta, microsoft",100,Find Minimum Rotated Array | LeetCode 153 (Medium),50,"Find Minimum in Rotated Sorted Array (LeetCode 153) explained with binary search so you can solve it faster in coding interviews.

In this Destination FAANG walkthrough, you learn how to compare mid with the right boundary to find the rotation point, why the pattern works, and how to reason through time and space complexity. Use it to strengthen rotated sorted array patterns for FAANG/MAANG technical interview prep, LeetCode practice, and DSA revision. The goal is to help you recognize the pattern, avoid common mistakes, and explain your solution clearly in an interview.

Subscribe and practice the pattern before your next mock interview.
#LeetCode #BinarySearch #Arrays #FAANG",Front-loaded the searchable problem name and LeetCode number while replacing company stuffing with a clear technique-focused hook.
OuRQ_TCCjsU,https://www.youtube.com/watch?v=OuRQ_TCCjsU,dsa,2022-08-30T04:34:14Z,"Maximum Product Subarray: 152 - array interview Q @ google, facebook, amazon, uber, apple, microsoft",100,Maximum Product Subarray | LeetCode 152 (Medium),48,"Maximum Product Subarray (LeetCode 152) explained with dynamic programming so you can solve it faster in coding interviews.

In this Destination FAANG walkthrough, you learn how to track both max and min products because negatives can flip the answer, why the pattern works, and how to reason through time and space complexity. Use it to strengthen subarray DP intuition for FAANG/MAANG technical interview prep, LeetCode practice, and DSA revision. The goal is to help you recognize the pattern, avoid common mistakes, and explain your solution clearly in an interview.

Subscribe and practice the pattern before your next mock interview.
#LeetCode #DynamicProgramming #Arrays #FAANG",Front-loaded the searchable problem name and LeetCode number while replacing company stuffing with a clear technique-focused hook.
QubWUx59QCk,https://www.youtube.com/watch?v=QubWUx59QCk,dsa,2022-08-26T21:50:44Z,"Top K Frequent Elements: 347 -HEAP interview que@ facebook, amazon, google, apple, microsoft, tiktok",100,Top K Frequent Elements | LeetCode 347 (Medium),47,"Top K Frequent Elements (LeetCode 347) explained with hash map and heap so you can solve it faster in coding interviews.

In this Destination FAANG walkthrough, you learn how to count frequencies and extract the k most common values, why the pattern works, and how to reason through time and space complexity. Use it to strengthen priority queues and frequency maps for FAANG/MAANG technical interview prep, LeetCode practice, and DSA revision. The goal is to help you recognize the pattern, avoid common mistakes, and explain your solution clearly in an interview.

Subscribe and practice the pattern before your next mock interview.
#LeetCode #Heap #HashMap #FAANG",Front-loaded the searchable problem name and LeetCode number while replacing company stuffing with a clear technique-focused hook.
8K2Sh9ingJA,https://www.youtube.com/watch?v=8K2Sh9ingJA,dsa,2022-08-21T01:11:14Z,"Word Search II: 212 - TRIE interview @ amazon, Google, apple, facebook, microsoft, twitter, tik tok",99,Word Search II | LeetCode 212 (Hard) — Trie + DFS,49,"Word Search II (LeetCode 212) explained with trie plus DFS backtracking so you can solve it faster in coding interviews.

In this Destination FAANG walkthrough, you learn how to prune board searches with a prefix tree, why the pattern works, and how to reason through time and space complexity. Use it to strengthen matrix search and prefix matching for FAANG/MAANG technical interview prep, LeetCode practice, and DSA revision. The goal is to help you recognize the pattern, avoid common mistakes, and explain your solution clearly in an interview.

Subscribe and practice the pattern before your next mock interview.
#LeetCode #Trie #Backtracking #FAANG",Front-loaded the searchable problem name and LeetCode number while replacing company stuffing with a clear technique-focused hook.
Z7Kr2b4d9fE,https://www.youtube.com/watch?v=Z7Kr2b4d9fE,dsa,2022-08-17T04:16:12Z,"Design Add and Search Words Data Structure-211 TRIE & TREE || Google, apple, Amazon, meta, microsoft",100,Add And Search Word | LeetCode 211 (Medium) Trie,48,"Add and Search Word (LeetCode 211) explained with trie and DFS so you can solve it faster in coding interviews.

In this Destination FAANG walkthrough, you learn how to support wildcard searches with recursive branching, why the pattern works, and how to reason through time and space complexity. Use it to strengthen prefix tree design for FAANG/MAANG technical interview prep, LeetCode practice, and DSA revision. The goal is to help you recognize the pattern, avoid common mistakes, and explain your solution clearly in an interview.

Subscribe and practice the pattern before your next mock interview.
#LeetCode #Trie #DataStructures #FAANG",Front-loaded the searchable problem name and LeetCode number while replacing company stuffing with a clear technique-focused hook.
nLTqtBLhPbQ,https://www.youtube.com/watch?v=nLTqtBLhPbQ,dsa,2022-08-13T19:53:43Z,"Implement Trie Prefix Tree: 208 - Tree interview @ Google, apple, Amazon, meta, microsoft, bloomberg",100,Implement Trie Prefix Tree | LeetCode 208 (Medium),50,"Implement Trie Prefix Tree (LeetCode 208) explained with trie design so you can solve it faster in coding interviews.

In this Destination FAANG walkthrough, you learn how to implement insert, search, and startsWith operations, why the pattern works, and how to reason through time and space complexity. Use it to strengthen prefix-tree fundamentals for FAANG/MAANG technical interview prep, LeetCode practice, and DSA revision. The goal is to help you recognize the pattern, avoid common mistakes, and explain your solution clearly in an interview.

Subscribe and practice the pattern before your next mock interview.
#LeetCode #Trie #DataStructures #FAANG",Front-loaded the searchable problem name and LeetCode number while replacing company stuffing with a clear technique-focused hook.
1HUmPsyFb9U,https://www.youtube.com/watch?v=1HUmPsyFb9U,dsa,2022-08-10T01:31:49Z,"Lowest Common Ancestor of a Binary Search Tree: 235 -Tree interview@ Google, Amazon, meta, microsoft",100,LCA Of A BST | LeetCode 235 (Easy),34,"Lowest Common Ancestor of a BST (LeetCode 235) explained with binary search tree traversal so you can solve it faster in coding interviews.

In this Destination FAANG walkthrough, you learn how to use BST ordering to walk toward the split point, why the pattern works, and how to reason through time and space complexity. Use it to strengthen tree interview shortcuts for FAANG/MAANG technical interview prep, LeetCode practice, and DSA revision. The goal is to help you recognize the pattern, avoid common mistakes, and explain your solution clearly in an interview.

Subscribe and practice the pattern before your next mock interview.
#LeetCode #BST #Tree #FAANG",Front-loaded the searchable problem name and LeetCode number while replacing company stuffing with a clear technique-focused hook.
tAUB05a6ys4,https://www.youtube.com/watch?v=tAUB05a6ys4,dsa,2022-08-04T22:06:34Z,"Kth Smallest Element in a BST: 230 - Tree technical interview@ Uber, Google, apple, Amazon, facebook",100,Kth Smallest In BST | LeetCode 230 (Medium),43,"Kth Smallest Element in a BST (LeetCode 230) explained with inorder traversal so you can solve it faster in coding interviews.

In this Destination FAANG walkthrough, you learn how to visit nodes in sorted order until the kth value is found, why the pattern works, and how to reason through time and space complexity. Use it to strengthen BST traversal patterns for FAANG/MAANG technical interview prep, LeetCode practice, and DSA revision. The goal is to help you recognize the pattern, avoid common mistakes, and explain your solution clearly in an interview.

Subscribe and practice the pattern before your next mock interview.
#LeetCode #BST #Tree #FAANG",Front-loaded the searchable problem name and LeetCode number while replacing company stuffing with a clear technique-focused hook.
QaCMLopSwWI,https://www.youtube.com/watch?v=QaCMLopSwWI,dsa,2022-08-01T02:48:48Z,"Validate Binary Search Tree: 98 - Tree technical interview, @ Google, apple, Amazon, meta, microsoft",100,Validate BST | LeetCode 98 (Medium),35,"Validate Binary Search Tree (LeetCode 98) explained with DFS with min/max bounds so you can solve it faster in coding interviews.

In this Destination FAANG walkthrough, you learn how to check every node against the valid range, why the pattern works, and how to reason through time and space complexity. Use it to strengthen BST invariants and recursion for FAANG/MAANG technical interview prep, LeetCode practice, and DSA revision. The goal is to help you recognize the pattern, avoid common mistakes, and explain your solution clearly in an interview.

Subscribe and practice the pattern before your next mock interview.
#LeetCode #BST #Tree #FAANG",Front-loaded the searchable problem name and LeetCode number while replacing company stuffing with a clear technique-focused hook.
YYl2Tp-Wqcw,https://www.youtube.com/watch?v=YYl2Tp-Wqcw,dsa,2022-07-28T04:12:03Z,"Construct Binary Tree from Preorder and Inorder Traversal - 105 technical interview - Google, amazon",100,Build Tree From Preorder/Inorder | LeetCode 105,47,"Construct Binary Tree from Preorder and Inorder Traversal (LeetCode 105) explained with recursion and hash map indexing so you can solve it faster in coding interviews.

In this Destination FAANG walkthrough, you learn how to rebuild a binary tree from traversal arrays, why the pattern works, and how to reason through time and space complexity. Use it to strengthen tree construction logic for FAANG/MAANG technical interview prep, LeetCode practice, and DSA revision. The goal is to help you recognize the pattern, avoid common mistakes, and explain your solution clearly in an interview.

Subscribe and practice the pattern before your next mock interview.
#LeetCode #BinaryTree #Recursion #FAANG",Front-loaded the searchable problem name and LeetCode number while replacing company stuffing with a clear technique-focused hook.
YOW_-ptARNE,https://www.youtube.com/watch?v=YOW_-ptARNE,dsa,2022-07-26T06:10:44Z,"Subtree of Another Tree: 572 - Tree technical interview-Google, apple, amazon,meta, microsoft, tesla",100,Subtree Of Another Tree | LeetCode 572 (Easy),45,"Subtree of Another Tree (LeetCode 572) explained with DFS tree matching so you can solve it faster in coding interviews.

In this Destination FAANG walkthrough, you learn how to compare candidate roots and verify identical subtrees, why the pattern works, and how to reason through time and space complexity. Use it to strengthen recursive tree problem-solving for FAANG/MAANG technical interview prep, LeetCode practice, and DSA revision. The goal is to help you recognize the pattern, avoid common mistakes, and explain your solution clearly in an interview.

Subscribe and practice the pattern before your next mock interview.
#LeetCode #BinaryTree #DFS #FAANG",Front-loaded the searchable problem name and LeetCode number while replacing company stuffing with a clear technique-focused hook.
vqbpTOU-LS4,https://www.youtube.com/watch?v=vqbpTOU-LS4,dsa,2022-07-23T16:21:35Z,"Serialize and Deserialize Binary Tree: 297 - Tree technical interview, @ Google, apple, Amazon, meta",100,Serialize And Deserialize Tree | LeetCode 297 (Hard),52,"Serialize and Deserialize Binary Tree (LeetCode 297) explained with tree traversal and reconstruction so you can solve it faster in coding interviews.

In this Destination FAANG walkthrough, you learn how to convert a binary tree to a string and rebuild it reliably, why the pattern works, and how to reason through time and space complexity. Use it to strengthen serialization design for interviews for FAANG/MAANG technical interview prep, LeetCode practice, and DSA revision. The goal is to help you recognize the pattern, avoid common mistakes, and explain your solution clearly in an interview.

Subscribe and practice the pattern before your next mock interview.
#LeetCode #BinaryTree #DFS #FAANG",Front-loaded the searchable problem name and LeetCode number while replacing company stuffing with a clear technique-focused hook.
tBJ1a5ljFCQ,https://www.youtube.com/watch?v=tBJ1a5ljFCQ,dsa,2022-07-16T20:22:04Z,"Binary Tree Level Order Traversal: 102 - Tree technical interview, @ Google, apple, Amazon,microsoft",100,Binary Tree Level Order | LeetCode 102 (Medium),47,"Binary Tree Level Order Traversal (LeetCode 102) explained with BFS queue traversal so you can solve it faster in coding interviews.

In this Destination FAANG walkthrough, you learn how to process nodes level by level, why the pattern works, and how to reason through time and space complexity. Use it to strengthen breadth-first search for trees for FAANG/MAANG technical interview prep, LeetCode practice, and DSA revision. The goal is to help you recognize the pattern, avoid common mistakes, and explain your solution clearly in an interview.

Subscribe and practice the pattern before your next mock interview.
#LeetCode #BFS #BinaryTree #FAANG",Front-loaded the searchable problem name and LeetCode number while replacing company stuffing with a clear technique-focused hook.
nr2djEYM7_A,https://www.youtube.com/watch?v=nr2djEYM7_A,dsa,2022-07-13T04:49:22Z,"Maximum Subarray: Leetcode 53 - Array interview java @ google, apple, facebook, amazon, tesla, uber",99,Maximum Subarray | LeetCode 53 (Medium) — Kadane's,50,"Maximum Subarray (LeetCode 53) explained with Kadane's algorithm and dynamic programming so you can solve it faster in coding interviews.

In this Destination FAANG walkthrough, you learn how to track the best subarray ending at each index, why the pattern works, and how to reason through time and space complexity. Use it to strengthen array DP and divide-and-conquer intuition for FAANG/MAANG technical interview prep, LeetCode practice, and DSA revision. The goal is to help you recognize the pattern, avoid common mistakes, and explain your solution clearly in an interview.

Subscribe and practice the pattern before your next mock interview.
#LeetCode #DynamicProgramming #Arrays #FAANG",Front-loaded the searchable problem name and LeetCode number while replacing company stuffing with a clear technique-focused hook.
6wv9yMSenvQ,https://www.youtube.com/watch?v=6wv9yMSenvQ,dsa,2022-07-10T20:57:49Z,"Binary Tree Maximum Path Sum: 124 - Tree interview Question @ Google, apple, Amazon, meta, microsoft",100,Binary Tree Max Path Sum | LeetCode 124 (Hard),46,"Binary Tree Maximum Path Sum (LeetCode 124) explained with DFS recursion so you can solve it faster in coding interviews.

In this Destination FAANG walkthrough, you learn how to compute max gain from each node while updating the global path, why the pattern works, and how to reason through time and space complexity. Use it to strengthen hard tree DP reasoning for FAANG/MAANG technical interview prep, LeetCode practice, and DSA revision. The goal is to help you recognize the pattern, avoid common mistakes, and explain your solution clearly in an interview.

Subscribe and practice the pattern before your next mock interview.
#LeetCode #BinaryTree #DFS #FAANG",Front-loaded the searchable problem name and LeetCode number while replacing company stuffing with a clear technique-focused hook.
yb2Y9h2YWio,https://www.youtube.com/watch?v=yb2Y9h2YWio,dsa,2022-07-07T17:12:11Z,"Invert Binary Tree: 226- Tree interview Question-java @ Amazon, Google, meta, apple, microsoft, uber",100,Invert Binary Tree | LeetCode 226 (Easy),40,"Invert Binary Tree (LeetCode 226) explained with recursive tree traversal so you can solve it faster in coding interviews.

In this Destination FAANG walkthrough, you learn how to swap left and right children across the tree, why the pattern works, and how to reason through time and space complexity. Use it to strengthen simple DFS and tree basics for FAANG/MAANG technical interview prep, LeetCode practice, and DSA revision. The goal is to help you recognize the pattern, avoid common mistakes, and explain your solution clearly in an interview.

Subscribe and practice the pattern before your next mock interview.
#LeetCode #BinaryTree #DFS #FAANG",Front-loaded the searchable problem name and LeetCode number while replacing company stuffing with a clear technique-focused hook.
yi7ym5R5aYI,https://www.youtube.com/watch?v=yi7ym5R5aYI,dsa,2022-07-03T10:33:22Z,"Same Tree: 100 - Tree interview Question - java @ Amazon, Google, meta, apple, Microsoft, Linked In",99,Same Tree | LeetCode 100 (Easy) — DFS Explained,47,"Same Tree (LeetCode 100) explained with DFS recursion so you can solve it faster in coding interviews.

In this Destination FAANG walkthrough, you learn how to compare structure and node values at the same time, why the pattern works, and how to reason through time and space complexity. Use it to strengthen binary tree base cases for FAANG/MAANG technical interview prep, LeetCode practice, and DSA revision. The goal is to help you recognize the pattern, avoid common mistakes, and explain your solution clearly in an interview.

Subscribe and practice the pattern before your next mock interview.
#LeetCode #BinaryTree #DFS #FAANG",Front-loaded the searchable problem name and LeetCode number while replacing company stuffing with a clear technique-focused hook.
IAMk9ZSpvjQ,https://www.youtube.com/watch?v=IAMk9ZSpvjQ,dsa,2022-06-30T02:56:58Z,"Maximum Depth of Binary Tree: 104 - Tree interview Question @ google, meta, amazon, microsoft, apple",100,Max Depth Of Binary Tree | LeetCode 104 (Easy),46,"Maximum Depth of Binary Tree (LeetCode 104) explained with DFS recursion so you can solve it faster in coding interviews.

In this Destination FAANG walkthrough, you learn how to return the height from each subtree, why the pattern works, and how to reason through time and space complexity. Use it to strengthen tree recursion fundamentals for FAANG/MAANG technical interview prep, LeetCode practice, and DSA revision. The goal is to help you recognize the pattern, avoid common mistakes, and explain your solution clearly in an interview.

Subscribe and practice the pattern before your next mock interview.
#LeetCode #BinaryTree #DFS #FAANG",Front-loaded the searchable problem name and LeetCode number while replacing company stuffing with a clear technique-focused hook.
P5LQbpI4p_I,https://www.youtube.com/watch?v=P5LQbpI4p_I,dsa,2022-06-26T18:21:10Z,"Encode and Decode Strings: 271 - Leetcode Premium String interview @ google, meta, apple, linked-in",99,Encode And Decode Strings | LeetCode 271 (Medium),49,"Encode and Decode Strings (LeetCode 271) explained with string encoding design so you can solve it faster in coding interviews.

In this Destination FAANG walkthrough, you learn how to create a reversible format for a list of strings, why the pattern works, and how to reason through time and space complexity. Use it to strengthen delimiter pitfalls and system-style thinking for FAANG/MAANG technical interview prep, LeetCode practice, and DSA revision. The goal is to help you recognize the pattern, avoid common mistakes, and explain your solution clearly in an interview.

Subscribe and practice the pattern before your next mock interview.
#LeetCode #Strings #CodingInterview #FAANG",Front-loaded the searchable problem name and LeetCode number while replacing company stuffing with a clear technique-focused hook.
WfkVe8egZbU,https://www.youtube.com/watch?v=WfkVe8egZbU,dsa,2022-06-22T02:55:47Z,"Palindromic Substrings: 647 - String interview Question @ facebook, amazon, google, microsoft - java",100,Palindromic Substrings | LeetCode 647 (Medium),46,"Palindromic Substrings (LeetCode 647) explained with dynamic programming and expand-around-center so you can solve it faster in coding interviews.

In this Destination FAANG walkthrough, you learn how to count every palindrome efficiently, why the pattern works, and how to reason through time and space complexity. Use it to strengthen string DP interview patterns for FAANG/MAANG technical interview prep, LeetCode practice, and DSA revision. The goal is to help you recognize the pattern, avoid common mistakes, and explain your solution clearly in an interview.

Subscribe and practice the pattern before your next mock interview.
#LeetCode #DynamicProgramming #Strings #FAANG",Front-loaded the searchable problem name and LeetCode number while replacing company stuffing with a clear technique-focused hook.
UxmLwxH-lhM,https://www.youtube.com/watch?v=UxmLwxH-lhM,dsa,2022-06-17T16:41:27Z,"Product of Array Except Self: Leetcode 238 - Array interview java @ google, apple, facebook, amazon",99,Product Of Array Except Self | LeetCode 238 (Medium),52,"Product of Array Except Self (LeetCode 238) explained with prefix and suffix products so you can solve it faster in coding interviews.

In this Destination FAANG walkthrough, you learn how to compute each answer without using division, why the pattern works, and how to reason through time and space complexity. Use it to strengthen array preprocessing patterns for FAANG/MAANG technical interview prep, LeetCode practice, and DSA revision. The goal is to help you recognize the pattern, avoid common mistakes, and explain your solution clearly in an interview.

Subscribe and practice the pattern before your next mock interview.
#LeetCode #Arrays #PrefixSum #FAANG",Front-loaded the searchable problem name and LeetCode number while replacing company stuffing with a clear technique-focused hook.
92KOT17h8zw,https://www.youtube.com/watch?v=92KOT17h8zw,dsa,2022-06-16T15:11:44Z,"Longest Palindromic Substring: 5 - String interview Question @ amazon, google, meta, microsoft,tesla",100,Longest Palindromic Substring | LeetCode 5 (Medium),51,"Longest Palindromic Substring (LeetCode 5) explained with dynamic programming and center expansion so you can solve it faster in coding interviews.

In this Destination FAANG walkthrough, you learn how to find the longest palindrome inside a string, why the pattern works, and how to reason through time and space complexity. Use it to strengthen palindrome pattern recognition for FAANG/MAANG technical interview prep, LeetCode practice, and DSA revision. The goal is to help you recognize the pattern, avoid common mistakes, and explain your solution clearly in an interview.

Subscribe and practice the pattern before your next mock interview.
#LeetCode #DynamicProgramming #Strings #FAANG",Front-loaded the searchable problem name and LeetCode number while replacing company stuffing with a clear technique-focused hook.
XECOM0RnIig,https://www.youtube.com/watch?v=XECOM0RnIig,dsa,2022-06-11T12:58:30Z,"Contains Duplicate: 217 - Best Array interview Question Java @ amazon, apple, google, Meta,microsoft",100,Contains Duplicate | LeetCode 217 (Easy),40,"Contains Duplicate (LeetCode 217) explained with hashing or sorting so you can solve it faster in coding interviews.

In this Destination FAANG walkthrough, you learn how to detect repeated values in an array, why the pattern works, and how to reason through time and space complexity. Use it to strengthen set-based interview shortcuts for FAANG/MAANG technical interview prep, LeetCode practice, and DSA revision. The goal is to help you recognize the pattern, avoid common mistakes, and explain your solution clearly in an interview.

Subscribe and practice the pattern before your next mock interview.
#LeetCode #Arrays #Hashing #FAANG",Front-loaded the searchable problem name and LeetCode number while replacing company stuffing with a clear technique-focused hook.
R0hpC8NjBIM,https://www.youtube.com/watch?v=R0hpC8NjBIM,dsa,2022-06-09T19:17:32Z,"Microsoft Azure AZ - 900, Fundamental Cloud Certification - complete guide - competed in 6 Hours..!!",100,Azure AZ-900 Certification Guide — Completed In 6 Hours,55,"Microsoft Azure AZ-900 certification guide based on a completed cloud fundamentals exam experience in 6 hours.

This video shares preparation guidance for the AZ-900 cloud certification, including the Microsoft Azure fundamentals mindset and exam experience. Watch if you are starting cloud computing, comparing AWS/Azure basics, or adding cloud credentials to your software engineering interview profile.

Subscribe to Destination FAANG for cloud, career, and interview prep.
#Azure #AZ900 #CloudComputing #Microsoft",Shifted the title and description toward high-intent interview/career keywords with a clearer first-line hook.
MFPmKyThyHk,https://www.youtube.com/watch?v=MFPmKyThyHk,dsa,2022-06-07T00:40:39Z,"Valid Palindrome: 125 - String coding interview Question @ facebook, amazon, microsoft,apple, google",100,Valid Palindrome | LeetCode 125 (Easy),38,"Valid Palindrome (LeetCode 125) explained with two pointers so you can solve it faster in coding interviews.

In this Destination FAANG walkthrough, you learn how to skip non-alphanumeric characters and compare both ends, why the pattern works, and how to reason through time and space complexity. Use it to strengthen string cleanup and pointer logic for FAANG/MAANG technical interview prep, LeetCode practice, and DSA revision. The goal is to help you recognize the pattern, avoid common mistakes, and explain your solution clearly in an interview.

Subscribe and practice the pattern before your next mock interview.
#LeetCode #TwoPointers #Strings #FAANG",Front-loaded the searchable problem name and LeetCode number while replacing company stuffing with a clear technique-focused hook.
D4l9TK0tWcI,https://www.youtube.com/watch?v=D4l9TK0tWcI,dsa,2022-06-06T03:40:10Z,"Valid Parentheses: 20 - String interview Question @ tesla, google, amazon, microsoft, facebook,apple",100,Valid Parentheses | LeetCode 20 (Easy) — Stack,46,"Valid Parentheses (LeetCode 20) explained with stack so you can solve it faster in coding interviews.

In this Destination FAANG walkthrough, you learn how to match opening and closing brackets in order, why the pattern works, and how to reason through time and space complexity. Use it to strengthen classic stack interview logic for FAANG/MAANG technical interview prep, LeetCode practice, and DSA revision. The goal is to help you recognize the pattern, avoid common mistakes, and explain your solution clearly in an interview.

Subscribe and practice the pattern before your next mock interview.
#LeetCode #Stack #Strings #FAANG",Front-loaded the searchable problem name and LeetCode number while replacing company stuffing with a clear technique-focused hook.
dEMcIpBOHpg,https://www.youtube.com/watch?v=dEMcIpBOHpg,dsa,2022-06-03T12:25:30Z,"Group Anagrams: 49 - String interview Question @ google, amazon, microsoft, facebook, apple, twitter",100,Group Anagrams | LeetCode 49 (Medium),37,"Group Anagrams (LeetCode 49) explained with hash map grouping so you can solve it faster in coding interviews.

In this Destination FAANG walkthrough, you learn how to turn each word into a stable key and group matches, why the pattern works, and how to reason through time and space complexity. Use it to strengthen string hashing patterns for FAANG/MAANG technical interview prep, LeetCode practice, and DSA revision. The goal is to help you recognize the pattern, avoid common mistakes, and explain your solution clearly in an interview.

Subscribe and practice the pattern before your next mock interview.
#LeetCode #HashMap #Strings #FAANG",Front-loaded the searchable problem name and LeetCode number while replacing company stuffing with a clear technique-focused hook.
qyQni3rz-ko,https://www.youtube.com/watch?v=qyQni3rz-ko,dsa,2022-06-01T14:12:29Z,"Best String interview Question java @ tesla, apple, google, amazon, meta, uber || Valid Anagram: 242",100,Valid Anagram | LeetCode 242 (Easy),35,"Valid Anagram (LeetCode 242) explained with character counting so you can solve it faster in coding interviews.

In this Destination FAANG walkthrough, you learn how to compare letter frequencies instead of brute force, why the pattern works, and how to reason through time and space complexity. Use it to strengthen hashing and sorting tradeoffs for FAANG/MAANG technical interview prep, LeetCode practice, and DSA revision. The goal is to help you recognize the pattern, avoid common mistakes, and explain your solution clearly in an interview.

Subscribe and practice the pattern before your next mock interview.
#LeetCode #Strings #Hashing #FAANG",Front-loaded the searchable problem name and LeetCode number while replacing company stuffing with a clear technique-focused hook.
tMx5JZSBWIE,https://www.youtube.com/watch?v=tMx5JZSBWIE,dsa,2022-05-31T05:08:47Z,"Google, Apple,Facebook,Amazon,Microsoft - String tech interview java || Minimum Window Substring: 76",100,Minimum Window Substring | LeetCode 76 (Hard),45,"Minimum Window Substring (LeetCode 76) explained with sliding window and hash map so you can solve it faster in coding interviews.

In this Destination FAANG walkthrough, you learn how to shrink a valid window while preserving required counts, why the pattern works, and how to reason through time and space complexity. Use it to strengthen advanced string window patterns for FAANG/MAANG technical interview prep, LeetCode practice, and DSA revision. The goal is to help you recognize the pattern, avoid common mistakes, and explain your solution clearly in an interview.

Subscribe and practice the pattern before your next mock interview.
#LeetCode #SlidingWindow #Strings #FAANG",Front-loaded the searchable problem name and LeetCode number while replacing company stuffing with a clear technique-focused hook.
CCQBvgPages,https://www.youtube.com/watch?v=CCQBvgPages,dsa,2022-05-29T00:31:44Z,"Best Time to Buy and Sell Stocks: 121 - Array technical interview @ Google,  Microsoft, Meta, Amazon",100,Best Time To Buy And Sell Stock | LeetCode 121,46,"Best Time to Buy and Sell Stock (LeetCode 121) explained with single-pass array scan so you can solve it faster in coding interviews.

In this Destination FAANG walkthrough, you learn how to track the lowest price and best profit so far, why the pattern works, and how to reason through time and space complexity. Use it to strengthen array interview fundamentals for FAANG/MAANG technical interview prep, LeetCode practice, and DSA revision. The goal is to help you recognize the pattern, avoid common mistakes, and explain your solution clearly in an interview.

Subscribe and practice the pattern before your next mock interview.
#LeetCode #Arrays #CodingInterview #FAANG",Front-loaded the searchable problem name and LeetCode number while replacing company stuffing with a clear technique-focused hook.
FYyWsqFjkZk,https://www.youtube.com/watch?v=FYyWsqFjkZk,dsa,2022-05-26T20:45:38Z,"Google, Apple, Meta, Amazon String technical interview -Longest Repeating Character Replacement: 424",100,Longest Repeating Character Replacement | LeetCode 424,54,"Longest Repeating Character Replacement (LeetCode 424) explained with sliding window so you can solve it faster in coding interviews.

In this Destination FAANG walkthrough, you learn how to maintain the most frequent character while expanding the window, why the pattern works, and how to reason through time and space complexity. Use it to strengthen string window optimization for FAANG/MAANG technical interview prep, LeetCode practice, and DSA revision. The goal is to help you recognize the pattern, avoid common mistakes, and explain your solution clearly in an interview.

Subscribe and practice the pattern before your next mock interview.
#LeetCode #SlidingWindow #Strings #FAANG",Front-loaded the searchable problem name and LeetCode number while replacing company stuffing with a clear technique-focused hook.
RMQ-gRQAY0o,https://www.youtube.com/watch?v=RMQ-gRQAY0o,dsa,2022-05-22T15:10:10Z,"String Tech Interview Que @ google, meta, amazon - Longest Substring Without Repeating Characters: 3",100,Longest Substring Without Repeats | LeetCode 3,46,"Longest Substring Without Repeating Characters (LeetCode 3) explained with sliding window and hash set so you can solve it faster in coding interviews.

In this Destination FAANG walkthrough, you learn how to move the left pointer when duplicates appear, why the pattern works, and how to reason through time and space complexity. Use it to strengthen substring pattern recognition for FAANG/MAANG technical interview prep, LeetCode practice, and DSA revision. The goal is to help you recognize the pattern, avoid common mistakes, and explain your solution clearly in an interview.

Subscribe and practice the pattern before your next mock interview.
#LeetCode #SlidingWindow #Strings #FAANG",Front-loaded the searchable problem name and LeetCode number while replacing company stuffing with a clear technique-focused hook.
5VRCAx2DVas,https://www.youtube.com/watch?v=5VRCAx2DVas,dsa,2022-05-20T17:14:42Z,"Best Matrix Interview Question @ twitter, amazon, apple, microsoft, google, meta || Word Search: 79",99,Word Search | LeetCode 79 (Medium) — Backtracking,49,"Word Search (LeetCode 79) explained with matrix DFS backtracking so you can solve it faster in coding interviews.

In this Destination FAANG walkthrough, you learn how to search adjacent cells while marking visited positions, why the pattern works, and how to reason through time and space complexity. Use it to strengthen 2D grid interview patterns for FAANG/MAANG technical interview prep, LeetCode practice, and DSA revision. The goal is to help you recognize the pattern, avoid common mistakes, and explain your solution clearly in an interview.

Subscribe and practice the pattern before your next mock interview.
#LeetCode #Backtracking #Matrix #FAANG",Front-loaded the searchable problem name and LeetCode number while replacing company stuffing with a clear technique-focused hook.
dF1E3G9wBCw,https://www.youtube.com/watch?v=dF1E3G9wBCw,dsa,2022-05-18T15:29:24Z,"Matrix Tech Interview Question @ apple, amazon, microsoft, google, cisco, uber || Rotate Image: 48",98,Rotate Image | LeetCode 48 (Medium) — Matrix,44,"Rotate Image (LeetCode 48) explained with in-place matrix manipulation so you can solve it faster in coding interviews.

In this Destination FAANG walkthrough, you learn how to rotate a square matrix layer by layer or transpose and reverse, why the pattern works, and how to reason through time and space complexity. Use it to strengthen 2D array transformations for FAANG/MAANG technical interview prep, LeetCode practice, and DSA revision. The goal is to help you recognize the pattern, avoid common mistakes, and explain your solution clearly in an interview.

Subscribe and practice the pattern before your next mock interview.
#LeetCode #Matrix #Arrays #FAANG",Front-loaded the searchable problem name and LeetCode number while replacing company stuffing with a clear technique-focused hook.
xUpnTpzMqfI,https://www.youtube.com/watch?v=xUpnTpzMqfI,dsa,2022-05-15T15:34:55Z,"Awesome Matrix Interview Question @ microsoft, google, apple,amazon, tesla,meta || Spiral Matrix: 54",100,Spiral Matrix | LeetCode 54 (Medium),36,"Spiral Matrix (LeetCode 54) explained with matrix traversal so you can solve it faster in coding interviews.

In this Destination FAANG walkthrough, you learn how to walk boundaries in spiral order without revisiting cells, why the pattern works, and how to reason through time and space complexity. Use it to strengthen 2D traversal edge cases for FAANG/MAANG technical interview prep, LeetCode practice, and DSA revision. The goal is to help you recognize the pattern, avoid common mistakes, and explain your solution clearly in an interview.

Subscribe and practice the pattern before your next mock interview.
#LeetCode #Matrix #Arrays #FAANG",Front-loaded the searchable problem name and LeetCode number while replacing company stuffing with a clear technique-focused hook.
NP9nLwKzXGA,https://www.youtube.com/watch?v=NP9nLwKzXGA,dsa,2022-05-12T16:58:56Z,"Most Popular technical Interview Question @ google, apple, amazon, meta, microsoft,uber | Two Sum: 1",100,Two Sum | LeetCode 1 (Easy) — Hash Map,38,"Two Sum (LeetCode 1) explained with hash map so you can solve it faster in coding interviews.

In this Destination FAANG walkthrough, you learn how to store complements to find the pair in one pass, why the pattern works, and how to reason through time and space complexity. Use it to strengthen the core array interview pattern for FAANG/MAANG technical interview prep, LeetCode practice, and DSA revision. The goal is to help you recognize the pattern, avoid common mistakes, and explain your solution clearly in an interview.

Subscribe and practice the pattern before your next mock interview.
#LeetCode #HashMap #Arrays #FAANG",Front-loaded the searchable problem name and LeetCode number while replacing company stuffing with a clear technique-focused hook.
JwQvyZcwcP4,https://www.youtube.com/watch?v=JwQvyZcwcP4,dsa,2022-05-11T22:02:45Z,"Best Matrix technical Interview Question @ apple, amazon, microsoft, google || Set Matrix Zeroes: 73",100,Set Matrix Zeroes | LeetCode 73 (Medium),40,"Set Matrix Zeroes (LeetCode 73) explained with matrix markers so you can solve it faster in coding interviews.

In this Destination FAANG walkthrough, you learn how to use rows and columns to zero the correct cells, why the pattern works, and how to reason through time and space complexity. Use it to strengthen in-place matrix problem-solving for FAANG/MAANG technical interview prep, LeetCode practice, and DSA revision. The goal is to help you recognize the pattern, avoid common mistakes, and explain your solution clearly in an interview.

Subscribe and practice the pattern before your next mock interview.
#LeetCode #Matrix #Arrays #FAANG",Front-loaded the searchable problem name and LeetCode number while replacing company stuffing with a clear technique-focused hook.
lBdS4AV1EGw,https://www.youtube.com/watch?v=lBdS4AV1EGw,dsa,2022-05-09T17:22:02Z,"Awesome Linked List Interview Question @ apple, amazon, microsoft, google, uber || Reorder List: 143",100,Reorder List | LeetCode 143 (Medium),36,"Reorder List (LeetCode 143) explained with linked list two pointers so you can solve it faster in coding interviews.

In this Destination FAANG walkthrough, you learn how to find the middle, reverse the second half, and merge, why the pattern works, and how to reason through time and space complexity. Use it to strengthen multi-step linked list interviews for FAANG/MAANG technical interview prep, LeetCode practice, and DSA revision. The goal is to help you recognize the pattern, avoid common mistakes, and explain your solution clearly in an interview.

Subscribe and practice the pattern before your next mock interview.
#LeetCode #LinkedList #TwoPointers #FAANG",Front-loaded the searchable problem name and LeetCode number while replacing company stuffing with a clear technique-focused hook.
s7cHxJBuhjg,https://www.youtube.com/watch?v=s7cHxJBuhjg,dsa,2022-05-06T13:28:23Z,"Top Linked List Interview Question @ google, apple, facebook,amazon | Middle of the Linked List: 876",100,Middle Of The Linked List | LeetCode 876 (Easy),47,"Middle of the Linked List (LeetCode 876) explained with slow and fast pointers so you can solve it faster in coding interviews.

In this Destination FAANG walkthrough, you learn how to find the middle node in one pass, why the pattern works, and how to reason through time and space complexity. Use it to strengthen the foundation for many linked list problems for FAANG/MAANG technical interview prep, LeetCode practice, and DSA revision. The goal is to help you recognize the pattern, avoid common mistakes, and explain your solution clearly in an interview.

Subscribe and practice the pattern before your next mock interview.
#LeetCode #LinkedList #TwoPointers #FAANG",Front-loaded the searchable problem name and LeetCode number while replacing company stuffing with a clear technique-focused hook.
hZtAW3cp8vQ,https://www.youtube.com/watch?v=hZtAW3cp8vQ,dsa,2022-05-04T14:39:13Z,"Best Linked List Interview Question @ Facebook, amazon, google -Remove Nth Node From End of List: 19",100,Remove Nth Node From End | LeetCode 19 (Medium),47,"Remove Nth Node From End of List (LeetCode 19) explained with two pointers so you can solve it faster in coding interviews.

In this Destination FAANG walkthrough, you learn how to keep a gap of n nodes and remove the target in one pass, why the pattern works, and how to reason through time and space complexity. Use it to strengthen linked list pointer control for FAANG/MAANG technical interview prep, LeetCode practice, and DSA revision. The goal is to help you recognize the pattern, avoid common mistakes, and explain your solution clearly in an interview.

Subscribe and practice the pattern before your next mock interview.
#LeetCode #LinkedList #TwoPointers #FAANG",Front-loaded the searchable problem name and LeetCode number while replacing company stuffing with a clear technique-focused hook.
SlKgDtpJnxg,https://www.youtube.com/watch?v=SlKgDtpJnxg,dsa,2022-05-02T15:44:51Z,"Most Asked Linked List Interview Q. @ Facebook, amazon, google, microsoft | Merge K Sorted Lists: 23",100,Merge K Sorted Lists | LeetCode 23 (Hard),41,"Merge K Sorted Lists is a classic linked list interview problem where heap thinking makes the solution much easier.

In this walkthrough, learn how to merge multiple sorted linked lists efficiently, why a priority queue is a natural fit, and how to reason about time and space complexity for LeetCode 23. This is ideal for DSA interview prep if you want a clean pattern for linked lists, heaps, and FAANG-style coding rounds.

Subscribe to Destination FAANG and practice the pattern until you can explain it clearly.

#LeetCode #LinkedList #Heap #CodingInterview #FAANG",Front-loaded the exact LeetCode problem and added the heap keyword for search intent.
Bwymxn-n6XA,https://www.youtube.com/watch?v=Bwymxn-n6XA,dsa,2022-04-30T15:23:42Z,"Linked List Interview Question- Microsoft, Twitter, Amazon, Google, Meta- Merge Two Sorted Lists: 21",100,Merge Two Sorted Lists | LeetCode 21 (Easy),43,"Merge Two Sorted Lists is one of the best linked list fundamentals to master before harder interview problems.

This video explains the LeetCode 21 approach step by step, showing how to compare nodes, build the merged list, and avoid common pointer mistakes. Use it to strengthen linked list traversal, dummy node thinking, and clean coding interview explanations for FAANG/MAANG prep.

Subscribe to Destination FAANG for more DSA patterns and keep practicing linked list basics.

#LeetCode #LinkedList #CodingInterview #DSA #FAANG","Replaced company stuffing with the searchable problem name, number, and linked list fundamentals."
k-gTqlOBT1g,https://www.youtube.com/watch?v=k-gTqlOBT1g,dsa,2022-04-28T14:34:08Z,"Best Linked List Interview Question @ Amazon, Apple, Google, Meta, Splunk || Linked List Cycle: 141",99,Linked List Cycle | LeetCode 141 (Easy),39,"Linked List Cycle teaches the fast and slow pointer pattern that appears across many interview questions.

In this LeetCode 141 walkthrough, learn how cycle detection works, why two pointers solve the problem cleanly, and how to explain the intuition in a technical interview. This is a must-know linked list pattern for DSA prep, especially before tackling cycle start and advanced pointer problems.

Subscribe to Destination FAANG and practice the two pointer pattern today.

#LeetCode #LinkedList #TwoPointers #CodingInterview #FAANG",Highlighted the exact problem and Floyd-style two pointer pattern users search for.
FHhItaCZ2pE,https://www.youtube.com/watch?v=FHhItaCZ2pE,dsa,2022-04-26T14:52:25Z,"Linked List Interview Question@ Twitter, Amazon, Apple, Google, Microsoft | Reverse Linked List: 206",100,Reverse Linked List | LeetCode 206 (Easy),41,"Reverse Linked List is a core pointer problem every coding interview candidate should know cold.

This LeetCode 206 explanation walks through how to reverse a linked list by updating pointers safely, tracking previous/current nodes, and reasoning about edge cases. It is perfect for building confidence with linked list mutation before FAANG/MAANG technical interviews.

Subscribe to Destination FAANG for more LeetCode patterns and repeat this until it feels automatic.

#LeetCode #LinkedList #CodingInterview #DSA #FAANG",Made the title keyword-first and positioned the video around the core pointer skill.
sQkgNfoPrDw,https://www.youtube.com/watch?v=sQkgNfoPrDw,dsa,2022-04-25T04:08:52Z,"Awesome Leetcode Premium Intervals Question @ Amazon, Google, Meta, Microsoft | Meeting Rooms 2: 253",100,Meeting Rooms II | LeetCode 253 (Medium),40,"Meeting Rooms II is the interval scheduling problem that tests whether you can track overlapping meetings efficiently.

This LeetCode 253 walkthrough explains the interval pattern, how to think about start and end times, and why this problem is a strong prep question for scheduling and heap-style interview topics. Learn the reasoning you need to choose the right data structure and discuss complexity clearly.

Subscribe to Destination FAANG and practice more interval problems for interview readiness.

#LeetCode #Intervals #Heap #CodingInterview #FAANG",Used the exact premium problem name with interval and heap search keywords.
0AfPJyPssbw,https://www.youtube.com/watch?v=0AfPJyPssbw,dsa,2022-04-22T14:17:51Z,Technical Interview Experience + Review - Goldman Sachs || Software Engineer || FAANG like Interview,100,Goldman Sachs Technical Interview Review | CoderPad,51,"Goldman Sachs technical interview review: hear a real CoderPad-style software engineering interview experience.

This video shares what the interview format felt like, the type of LeetCode medium questions discussed, and how to think about preparing for FAANG-like coding rounds. Use it to understand pacing, communication, and the problem-solving mindset needed in technical interviews.

Subscribe to Destination FAANG for more interview experiences, DSA prep, and career guidance.

#TechnicalInterview #GoldmanSachs #CodingInterview #LeetCode #FAANG",Focused the title on interview review and CoderPad instead of a long list of broad terms.
5nqLIwo0oC0,https://www.youtube.com/watch?v=5nqLIwo0oC0,dsa,2022-04-20T12:54:54Z,"Leetcode Premium - Intervals Interview Question @ Amazon, Google, Meta, Microsoft-Meeting Rooms: 252",100,Meeting Rooms | LeetCode 252 (Easy),35,"Meeting Rooms is a clean interval problem that helps you learn how to detect conflicts in sorted schedules.

In this LeetCode 252 walkthrough, you will learn the interval sorting idea, how to compare adjacent meetings, and why this easy problem is an important base for Meeting Rooms II and other scheduling questions. It is great for interview prep when you want a simple, repeatable interval pattern.

Subscribe to Destination FAANG and keep building your interval problem toolkit.

#LeetCode #Intervals #CodingInterview #DSA #FAANG",Front-loaded the exact problem and connected it to the broader interval pattern.
y8nBFmPsAF8,https://www.youtube.com/watch?v=y8nBFmPsAF8,dsa,2022-04-18T13:41:16Z,"Awesome Follow up Interval Question @ Meta, Amazon, Google,Microsoft - Non-Overlapping Interval: 435",100,Non-Overlapping Intervals | LeetCode 435 (Medium),49,"Non-Overlapping Intervals is a key greedy interval problem for coding interviews.

This LeetCode 435 explanation shows how to reason about overlapping intervals, choose which interval to keep, and build the greedy intuition behind the minimum removals idea. Use this walkthrough to strengthen interval sorting, greedy decisions, and FAANG-style problem explanations.

Subscribe to Destination FAANG and practice the interval pattern until it is interview-ready.

#LeetCode #Intervals #Greedy #CodingInterview #FAANG",Added the high-value greedy keyword while keeping the problem name first.
n3F2v9f8OfY,https://www.youtube.com/watch?v=n3F2v9f8OfY,dsa,2022-04-16T23:18:28Z,"Most Asked Technical Interview Problem @ Meta, Amazon, Google, Apple, Uber,IBM | Merge Intervals: 56",100,Merge Intervals | LeetCode 56 (Medium),38,"Merge Intervals is one of the most important interval patterns in coding interview prep.

This LeetCode 56 walkthrough explains how sorting intervals creates a simple path to merging overlaps, handling edge cases, and writing a clean solution with clear time and space complexity. If you are preparing for FAANG/MAANG interviews, this is a foundational DSA problem to master before harder scheduling questions.

Subscribe to Destination FAANG and practice more interval problems.

#LeetCode #Intervals #CodingInterview #DSA #FAANG",Removed company clutter and centered the searchable problem plus interval pattern.
16YiKk6ga7Y,https://www.youtube.com/watch?v=16YiKk6ga7Y,dsa,2022-04-13T16:31:41Z,"Popular 2D Array Interview Problem @ Google, Linked In, Facebook, Amazon, Uber | Insert Interval: 57",100,Insert Interval | LeetCode 57 (Medium),38,"Insert Interval tests whether you can update a sorted interval list and merge overlaps without overcomplicating it.

In this LeetCode 57 walkthrough, learn the three-part interval idea: add intervals before the new one, merge overlaps, and append the rest. This problem is great for FAANG/MAANG DSA prep because it builds directly on Merge Intervals and sharpens edge-case thinking.

Subscribe to Destination FAANG and practice interval questions consistently.

#LeetCode #Intervals #CodingInterview #DSA #FAANG",Made the title concise and emphasized the insert/merge interval search intent.
NDInpfnTMos,https://www.youtube.com/watch?v=NDInpfnTMos,dsa,2022-04-11T13:12:34Z,"Graph Interview Problem @ Google, Meta | Number of Connected Components in an Undirected Graph: 323",99,Connected Components | LeetCode 323 (Medium),44,"Number of Connected Components is a graph problem that builds strong DFS and graph traversal fundamentals.

This LeetCode 323 walkthrough explains how to count components in an undirected graph, track visited nodes, and reason about traversal complexity. It is ideal for interview prep if you want to recognize graph connectivity patterns that appear in FAANG/MAANG-style coding rounds.

Subscribe to Destination FAANG and practice DFS graph patterns.

#LeetCode #Graph #DFS #CodingInterview #FAANG",Shortened the long title to the core graph keyword and LeetCode identifier.
WU3-vo0MJW0,https://www.youtube.com/watch?v=WU3-vo0MJW0,dsa,2022-04-08T21:07:00Z,"Tree & Graph Technical Interview Problem@ LinkedIn, Google, Microsoft,Amazon | Valid Graph Tree: 261",100,Valid Graph Tree | LeetCode 261 (Medium),40,"Valid Graph Tree combines graph traversal with tree properties, making it a strong interview prep problem.

In this LeetCode 261 explanation, learn how to determine whether an undirected graph forms a valid tree by checking connectivity and cycles. The walkthrough helps you connect DFS graph thinking with tree constraints, a useful pattern for FAANG/MAANG technical interviews.

Subscribe to Destination FAANG for more graph and tree interview practice.

#LeetCode #Graph #DFS #CodingInterview #FAANG",Used the exact premium problem name and surfaced the graph/tree concept clearly.
1QbsN5JyPto,https://www.youtube.com/watch?v=1QbsN5JyPto,dsa,2022-04-06T20:15:34Z,"Google, AirBnb, Meta, Apple, Amazon - Best Graph Technical Interview Problem | Alien Dictionary: 269",100,Alien Dictionary | LeetCode 269 (Hard),38,"Alien Dictionary is a hard graph problem that tests topological sorting and dependency reasoning.

This LeetCode 269 walkthrough explains how to build ordering rules from words, model them as a graph, and reason through DFS/topological sort concepts for interviews. It is a high-value problem for advanced DSA prep because it combines strings, graphs, and careful edge-case handling.

Subscribe to Destination FAANG and keep practicing graph patterns for FAANG interviews.

#LeetCode #Graph #TopologicalSort #CodingInterview #FAANG","Added topological sort, the main searchable technique for Alien Dictionary."
8NoyVvm1v88,https://www.youtube.com/watch?v=8NoyVvm1v88,dsa,2022-04-02T00:50:55Z,"Best Kick-Off to a Technical Interview@ Apple, Meta, Amazon,Uber - Verifying an Alien Dictionary-953",100,Verifying An Alien Dictionary | LeetCode 953,44,"Verifying An Alien Dictionary is a great warm-up for custom ordering and array/string comparison.

In this LeetCode 953 walkthrough, learn how to map alien character order, compare adjacent words, and handle prefix edge cases cleanly. This problem is useful interview prep because it builds the reasoning needed before harder graph versions like Alien Dictionary.

Subscribe to Destination FAANG and practice more string and array interview patterns.

#LeetCode #String #Array #CodingInterview #FAANG",Front-loaded the exact problem and connected it to custom order comparison.
z4c5QzarJxI,https://www.youtube.com/watch?v=z4c5QzarJxI,dsa,2022-03-31T18:07:40Z,"Awesome Leetcode Premium - Heap Interview problem Amazon, Goldman Sachs || High Five: 1086 || Java",98,High Five | LeetCode 1086 (Easy),32,"High Five is a LeetCode premium heap problem that helps you practice ranking and averaging scores efficiently.

This LeetCode 1086 walkthrough explains how heap thinking can keep the top scores organized and how to reason about time and space complexity. Use it as a practical intro to priority queue patterns that show up in technical interviews and FAANG-style DSA prep.

Subscribe to Destination FAANG for more heap and priority queue practice.

#LeetCode #Heap #PriorityQueue #CodingInterview #FAANG",Positioned the video around the premium problem name and heap pattern.
AFl_VxaO_F0,https://www.youtube.com/watch?v=AFl_VxaO_F0,dsa,2022-03-29T03:17:04Z,"Best Array technical interview problem @ Amazon, Facebook, Google, Uber || Trapping Rain Water: 42",98,Trapping Rain Water | LeetCode 42 (Hard),40,"Trapping Rain Water is a classic array problem where two pointers make a hard question feel manageable.

In this LeetCode 42 explanation, learn the intuition behind trapped water, how to track boundaries, and how the optimal approach improves on brute force thinking. This is a must-practice DSA problem for coding interviews because it tests arrays, pointers, and edge-case reasoning.

Subscribe to Destination FAANG and practice the two pointer pattern.

#LeetCode #Array #TwoPointers #CodingInterview #FAANG",Added the two pointers hook while keeping the hard LeetCode problem first.
sJBf-JdWGhM,https://www.youtube.com/watch?v=sJBf-JdWGhM,dsa,2022-03-26T15:43:02Z,"Google, FB, Apple, Amazon, Microsoft - Array Interview Problem || Longest Consecutive Sequence: 128",99,Longest Consecutive Sequence | LeetCode 128,43,"Longest Consecutive Sequence is a powerful hash set problem for finding streaks in an unsorted array.

This LeetCode 128 walkthrough explains how to avoid sorting, identify sequence starts, and reason about an optimal interview-ready approach. Use it to strengthen array and hash set patterns that appear often in FAANG/MAANG coding interviews.

Subscribe to Destination FAANG and keep practicing Blind 75-style problems.

#LeetCode #Array #HashSet #CodingInterview #FAANG",Focused on the exact problem and the hash set technique searchers expect.
H-2Nh2RXX6g,https://www.youtube.com/watch?v=H-2Nh2RXX6g,dsa,2022-03-24T14:06:16Z,"Most asked Technical problem @ Google, Meta, Apple, Amazon,Microsoft,Tesla || Number of Islands: 200",100,Number Of Islands | LeetCode 200 (Medium),41,"Number Of Islands is one of the most searched graph/grid problems in coding interview prep.

This LeetCode 200 walkthrough explains how to scan a grid, launch DFS/BFS-style traversal, mark visited land, and count connected islands. It is essential practice for FAANG/MAANG interviews because the same grid traversal pattern appears in many graph problems.

Subscribe to Destination FAANG and practice more grid DFS questions.

#LeetCode #Graph #DFS #CodingInterview #FAANG",Put the recognizable grid problem name first and added graph/DFS discovery terms.
fTohawuMcvY,https://www.youtube.com/watch?v=fTohawuMcvY,dsa,2022-03-22T19:39:37Z,"Quality Technical interview problem@ Google, Meta, Apple, Amazon || Pacific Atlantic Water Flow: 417",100,Pacific Atlantic Water Flow | LeetCode 417,42,"Pacific Atlantic Water Flow is a graph/grid problem that rewards thinking from the ocean borders backward.

In this LeetCode 417 walkthrough, learn how to reason about water flow, use traversal from multiple starting points, and identify cells that can reach both oceans. This is strong FAANG-style DSA prep for grid DFS, matrix traversal, and problem reframing.

Subscribe to Destination FAANG and practice more graph interview patterns.

#LeetCode #Graph #DFS #Matrix #FAANG",Corrected the focus to Pacific Atlantic Water Flow and highlighted the grid traversal angle.
ge9WKEsVue0,https://www.youtube.com/watch?v=ge9WKEsVue0,dsa,2022-03-18T03:58:53Z,Greatest IT companies asked this Graph Problem in technical interview  Course Schedule: Leetcode 207,100,Course Schedule | LeetCode 207 (Medium),39,"Course Schedule is a core graph problem for learning cycle detection in directed graphs.

This LeetCode 207 explanation shows how prerequisites become graph edges, why cycles make a schedule impossible, and how DFS/topological thinking solves the problem. It is a foundational DSA interview question for anyone preparing for FAANG/MAANG coding rounds.

Subscribe to Destination FAANG and keep practicing graph cycle detection.

#LeetCode #Graph #DFS #TopologicalSort #FAANG",Added cycle detection and topological sort keywords that match search intent.
1aN0WWM0-Eo,https://www.youtube.com/watch?v=1aN0WWM0-Eo,dsa,2022-03-16T04:10:16Z,Facebook - Meta's Favorite Interview Graph Problem - Asked 44 times || Clone Graph: Leetcode 133,96,Clone Graph | LeetCode 133 (Medium),35,"Clone Graph is a must-know graph traversal problem for technical interviews.

In this LeetCode 133 walkthrough, learn how to copy each node, preserve neighbor relationships, and use a map with DFS/BFS-style traversal to avoid duplicate clones. This problem is great FAANG/MAANG prep because it combines graph traversal with object/reference handling.

Subscribe to Destination FAANG and practice graph problems until the pattern is clear.

#LeetCode #Graph #DFS #CodingInterview #FAANG",Removed unverifiable performance-style phrasing and centered clone graph traversal.
PVNLmjJaHW0,https://www.youtube.com/watch?v=PVNLmjJaHW0,dsa,2022-03-14T01:34:29Z,"Google, FB, Amazon, Uber -Technical Interview Problem Solved - 100% faster || Jump Game: Leetcode 55",100,Jump Game | LeetCode 55 (Medium),32,"Jump Game is a classic greedy problem that teaches how to track reachability in an array.

This LeetCode 55 walkthrough explains how to decide whether the last index is reachable, why greedy thinking works, and how to compare it with dynamic programming intuition. Use it for FAANG/MAANG interview prep when practicing arrays, greedy patterns, and Blind 75 problems.

Subscribe to Destination FAANG and practice explaining the greedy idea out loud.

#LeetCode #Greedy #Array #CodingInterview #FAANG",Replaced the speed claim with a stronger greedy-pattern search hook.
klWLMgdMWCY,https://www.youtube.com/watch?v=klWLMgdMWCY,dsa,2022-03-12T22:27:01Z,"Best 2D Matrix Dynamic programming problem @ Google, FB, Amazon, Apple, Microsoft || Unique Paths:62",100,Unique Paths | LeetCode 62 (Medium),35,"Unique Paths is an ideal entry point for two-dimensional dynamic programming.

In this LeetCode 62 walkthrough, learn how to model a grid, define a DP state, build the recurrence, and reason about time and space complexity. This problem is perfect for FAANG/MAANG DSA prep because it makes 2D DP feel approachable before harder matrix problems.

Subscribe to Destination FAANG and practice more dynamic programming fundamentals.

#LeetCode #DynamicProgramming #DP #CodingInterview #FAANG",Centered the title on the problem and 2D dynamic programming keyword.
ayGRvdnjFKg,https://www.youtube.com/watch?v=ayGRvdnjFKg,dsa,2022-03-12T02:33:29Z,"Awesome Dynamic programming interview problem @ Google, FB, Amazon, Lyft || Decode Ways: Leetcode 91",100,Decode Ways | LeetCode 91 (Medium),34,"Decode Ways is a dynamic programming problem that tests whether you can turn choices into a recurrence.

This LeetCode 91 walkthrough explains how to count valid decodings, handle zeros and invalid pairs, and build an optimal DP solution. Use it for interview prep if you want to strengthen string DP, recurrence design, and edge-case reasoning for FAANG/MAANG coding rounds.

Subscribe to Destination FAANG and practice DP patterns consistently.

#LeetCode #DynamicProgramming #DP #CodingInterview #FAANG",Added DP recurrence and edge-case language around the exact problem name.
c_rwra1aITY,https://www.youtube.com/watch?v=c_rwra1aITY,dsa,2022-03-10T05:48:27Z,Best follow up question - Dynamic programming Tech Interview Problem | House Robber II: Leetcode 213,100,House Robber II | LeetCode 213 (Medium),39,"House Robber II is the circular-array follow-up that makes the original House Robber pattern more interesting.

In this LeetCode 213 explanation, learn how to split the circle into two linear DP cases, reuse the House Robber idea, and reason about optimal subproblems. This is strong dynamic programming practice for FAANG/MAANG interviews and Blind 75-style prep.

Subscribe to Destination FAANG and practice both House Robber variations.

#LeetCode #DynamicProgramming #DP #CodingInterview #FAANG",Clarified the follow-up relationship and circular DP technique.
jFmfYi_dvwQ,https://www.youtube.com/watch?v=jFmfYi_dvwQ,dsa,2022-03-09T05:00:08Z,"Apple, Amazon & Google repeatedly asks this Dynamic programming interview problem | House Robber:198",100,House Robber | LeetCode 198 (Medium),36,"House Robber is a foundational dynamic programming problem for learning choose-or-skip decisions.

This LeetCode 198 walkthrough explains how to define the DP state, compare rob versus skip choices, and arrive at an optimal solution with clear complexity. Mastering this pattern helps with many FAANG/MAANG interview problems that use recurrence and state transitions.

Subscribe to Destination FAANG and practice the DP pattern until it clicks.

#LeetCode #DynamicProgramming #DP #CodingInterview #FAANG",Made the title concise and targeted the core DP pattern instead of company claims.
dJBbuDK4ZRk,https://www.youtube.com/watch?v=dJBbuDK4ZRk,dsa,2022-03-08T02:20:29Z,"Google, FB & Amazon's favorite backtracking interview problem | java | Combination Sum: Leetcode 39",99,Combination Sum | LeetCode 39 (Medium),38,"Combination Sum is a key backtracking problem for learning how to explore choices and undo decisions.

In this LeetCode 39 walkthrough, learn how recursion builds combinations, how backtracking avoids invalid paths, and how to reason about duplicates and remaining targets. This is an important DSA pattern for FAANG/MAANG interview prep and recursion confidence.

Subscribe to Destination FAANG and practice more backtracking questions.

#LeetCode #Backtracking #Recursion #CodingInterview #FAANG",Moved backtracking into the title/description as the main searchable technique.
XD9tXO9HW40,https://www.youtube.com/watch?v=XD9tXO9HW40,dsa,2022-03-04T03:23:54Z,"Facebook, Amazon & apple love this Dynamic Programming problem | java | Word Break: Leetcode 139",96,Word Break | LeetCode 139 (Medium),34,"Word Break is a dynamic programming string problem that teaches how to test valid segmentations.

This LeetCode 139 explanation shows how to use a dictionary of words, build a DP solution, and reason about when a prefix can lead to a valid break. Use it for FAANG/MAANG interview prep to strengthen string DP and bottom-up thinking.

Subscribe to Destination FAANG and practice more dynamic programming patterns.

#LeetCode #DynamicProgramming #String #CodingInterview #FAANG",Reframed the title around Word Break and string DP rather than broad company references.
lPnPdSIliII,https://www.youtube.com/watch?v=lPnPdSIliII,dsa,2022-03-02T13:25:10Z,VERY IMPORTANT- Dynamic Programming- Interview Problem || Longest Common Subsequence: Leetcode 1143,99,Longest Common Subsequence | LeetCode 1143,42,"Longest Common Subsequence is a must-learn two-string dynamic programming problem.

In this LeetCode 1143 walkthrough, learn how to compare characters, define a 2D DP table, and build the recurrence for matching and skipping choices. This problem is essential FAANG/MAANG interview prep because it unlocks many sequence DP questions.

Subscribe to Destination FAANG and practice DP table problems step by step.

#LeetCode #DynamicProgramming #DP #CodingInterview #FAANG",Added the exact LCS keyword and two-string DP intent to improve search relevance.
hbN20guU5pM,https://www.youtube.com/watch?v=hbN20guU5pM,dsa,2022-02-28T03:17:59Z,Dynamic Programming interview | java | (n*logn) Longest Increasing Subsequence: Leetcode 300- Part 2,100,Longest Increasing Subsequence | LeetCode 300 O(n log n),56,"Longest Increasing Subsequence can be optimized with patience sorting and binary search.

This LeetCode 300 Part 2 walkthrough explains the O(n log n) approach, how the tails idea works, and why binary search improves on the basic DP solution. It is ideal for DSA interview prep when you want to understand both dynamic programming intuition and the optimized LIS pattern.

Subscribe to Destination FAANG and compare this with the O(n²) version.

#LeetCode #DynamicProgramming #BinarySearch #CodingInterview #FAANG",Kept the optimized O(n log n) hook while leading with the problem name.
cixz99yxgWA,https://www.youtube.com/watch?v=cixz99yxgWA,dsa,2022-02-27T07:36:11Z,Dynamic Programming problem - java || Longest Increasing Subsequence: Leetcode 300 || Part 1 -O(N^2),100,Longest Increasing Subsequence | LeetCode 300 DP,48,"Longest Increasing Subsequence is a classic dynamic programming problem for sequence reasoning.

In this LeetCode 300 Part 1 walkthrough, learn the O(n²) DP approach, how to define the state, and how previous values contribute to the best subsequence ending at each index. This foundation makes the optimized LIS solution easier to understand for FAANG/MAANG interview prep.

Subscribe to Destination FAANG and practice the DP version before the optimized approach.

#LeetCode #DynamicProgramming #DP #CodingInterview #FAANG",Separated the Part 1 DP angle from the optimized version for clearer search targeting.
UOmlkfWMU6M,https://www.youtube.com/watch?v=UOmlkfWMU6M,dsa,2022-02-25T13:03:07Z,"Google, Microsoft & Amazon love this Dynamic Programming Problem - Coin Change: Leetcode 322",92,Coin Change | LeetCode 322 (Medium),35,"Coin Change is a foundational dynamic programming problem for minimum-count decisions.

This LeetCode 322 walkthrough explains how to move from brute force thinking to an optimal DP solution, define subproblems by amount, and reason about time and space complexity. It is a high-value problem for FAANG/MAANG interview prep because the same pattern appears in many unbounded choice questions.

Subscribe to Destination FAANG and keep practicing DP fundamentals.

#LeetCode #DynamicProgramming #DP #CodingInterview #FAANG",Targeted the exact problem and minimum-count DP pattern instead of company-heavy wording.
N9syEXfu1Rw,https://www.youtube.com/watch?v=N9syEXfu1Rw,dsa,2022-02-23T00:29:31Z,Dynamic Programming problem: java Leetcode 70: Climbing Stairs:Blind 75 || Very Important - Concept,99,Climbing Stairs | LeetCode 70 (Easy),36,"Climbing Stairs is the perfect first dynamic programming problem for understanding recurrence.

In this LeetCode 70 walkthrough, learn how the number of ways builds from smaller subproblems, how to move from brute force to optimal DP, and why this simple problem teaches a core interview pattern. Use it as a starting point for Blind 75 and FAANG/MAANG DSA prep.

Subscribe to Destination FAANG and practice explaining the recurrence clearly.

#LeetCode #DynamicProgramming #DP #CodingInterview #FAANG",Made the beginner DP concept explicit and searchable with LeetCode 70.
-7bpRBMPXh8,https://www.youtube.com/watch?v=-7bpRBMPXh8,dsa,2022-02-22T02:09:15Z,Bit manipulation interview questions Java - Reverse Bits -: Blind 75 : Leetcode 190 optimal solution,100,Reverse Bits | LeetCode 190 (Easy),34,"Reverse Bits is a bit manipulation problem that helps you understand binary operations in interviews.

This LeetCode 190 walkthrough explains how to inspect bits, shift values, and build the reversed result while reasoning about Big O complexity. It is useful FAANG/MAANG prep if you want to get comfortable with AND, OR, shifting, and binary-level thinking.

Subscribe to Destination FAANG and practice more bit manipulation questions.

#LeetCode #BitManipulation #CodingInterview #DSA #FAANG",Front-loaded Reverse Bits and added bit operation keywords for discovery.
-pLW7935dlc,https://www.youtube.com/watch?v=-pLW7935dlc,dsa,2022-02-21T16:32:47Z,Bit manipulation interview questions Java: Missing Number -: Blind 75 - Leetcode 268 | 2 optimal sol,100,Missing Number | LeetCode 268 (Easy),36,"Missing Number is a classic array and bit manipulation problem with multiple clean solutions.

In this LeetCode 268 walkthrough, learn how to find the missing value, compare solution ideas, and reason about optimal time and space complexity. This is a useful Blind 75-style problem for practicing XOR thinking, array math, and interview explanation skills.

Subscribe to Destination FAANG and practice both array and bit manipulation patterns.

#LeetCode #BitManipulation #Array #CodingInterview #FAANG",Highlighted the problem name first and mentioned multiple solution paths without overstuffing.
f9vCuICgRpU,https://www.youtube.com/watch?v=f9vCuICgRpU,dsa,2022-02-20T20:36:19Z,Bit manipulation - dynamic programming interview question || Counting Bits -: Blind 75: Leetcode 338,100,Counting Bits | LeetCode 338 (Easy),35,"Counting Bits combines bit manipulation with dynamic programming intuition.

This LeetCode 338 walkthrough explains how to count set bits for every number, reuse previous results, and reason about the pattern behind the optimal solution. Use it for FAANG/MAANG interview prep when practicing binary operations, DP transitions, and Blind 75 problems.

Subscribe to Destination FAANG and keep building your bit manipulation toolkit.

#LeetCode #BitManipulation #DynamicProgramming #CodingInterview #FAANG",Used the exact problem name and paired bit manipulation with DP for search relevance.
xx9vN3n0_SA,https://www.youtube.com/watch?v=xx9vN3n0_SA,dsa,2022-02-20T06:52:14Z,Bit manipulation interview questions Java || Number of 1 Bits -: Blind 75: Leetcode 191 optimal sol,99,Number Of 1 Bits | LeetCode 191 (Easy),38,"Number Of 1 Bits is a simple but important bit manipulation problem for coding interviews.

In this LeetCode 191 explanation, learn how to count set bits, use binary operations, and reason about the optimal approach with time and space complexity. This is a strong starting point for FAANG/MAANG prep if bitwise AND, OR, and shifting still feel unfamiliar.

Subscribe to Destination FAANG and practice more bit manipulation basics.

#LeetCode #BitManipulation #CodingInterview #DSA #FAANG","Cleaned up the title and emphasized set bits, the primary search keyword."
oQqe3N2aSd4,https://www.youtube.com/watch?v=oQqe3N2aSd4,dsa,2022-02-19T05:23:13Z,Bit manipulation interview questions Java || Sum of Two Integers - Blind 75:  Leetcode 371 | optimal,100,Sum Of Two Integers | LeetCode 371 (Medium),43,"Sum Of Two Integers is a bit manipulation problem that shows how addition works without the plus operator.

This LeetCode 371 walkthrough explains how XOR handles partial sums, how AND and carry shifting complete the addition, and how to reason through the binary intuition. It is valuable DSA interview prep for candidates who want stronger bitwise problem-solving skills.

Subscribe to Destination FAANG and practice explaining the carry logic clearly.

#LeetCode #BitManipulation #CodingInterview #DSA #FAANG",Added the key XOR/carry idea that searchers need for this problem.
7NAwI9QZuJM,https://www.youtube.com/watch?v=7NAwI9QZuJM,dsa,2022-02-18T00:54:42Z,Array interview problem || Java || Container with Most water - : Blind 75:  Leetcode 11- optimal sol,100,Container With Most Water | LeetCode 11,39,"Container With Most Water is a two pointer array problem that teaches a powerful greedy move.

In this LeetCode 11 walkthrough, learn how to maximize area, decide which pointer to move, and reason about why the optimal approach works. This is a must-practice Blind 75 problem for FAANG/MAANG interview prep, especially if you want stronger array and two pointer instincts.

Subscribe to Destination FAANG and practice more two pointer problems.

#LeetCode #Array #TwoPointers #CodingInterview #FAANG",Put the exact problem first and replaced generic array wording with two pointer intent.
a2-Z3lO7pD8,https://www.youtube.com/watch?v=a2-Z3lO7pD8,dsa,2022-02-17T01:38:26Z,Array interview problem || Java || 3Sum (3 Sum) : Blind 75 : Leetcode 15 || 3 Solution || 2 pointer,99,3Sum | LeetCode 15 (Medium),27,"3Sum is a classic sorting and two pointer problem that appears across interview prep lists.

This LeetCode 15 walkthrough explains how to sort the array, fix one number, move two pointers, and handle duplicate triplets cleanly. Use it for FAANG/MAANG DSA prep when practicing array patterns, duplicate handling, and efficient search inside sorted data.

Subscribe to Destination FAANG and practice the two pointer pattern until it is automatic.

#LeetCode #Array #TwoPointers #CodingInterview #FAANG","Focused on 3Sum, sorting, and duplicate handling instead of a long generic title."
tnJpL-e_p_4,https://www.youtube.com/watch?v=tnJpL-e_p_4,dsa,2022-02-13T16:25:46Z,Array Interview problem | Java Code | Two Sum II - Input Array Is Sorted: Leetcode 167 || 3 approach,100,Two Sum II | LeetCode 167 (Medium),34,"Two Sum II is the sorted-array version of Two Sum, and it is perfect for learning two pointers.

In this LeetCode 167 walkthrough, learn multiple ways to approach the problem, why two pointers fit the sorted input, and how to reason about complexity. This is useful FAANG/MAANG prep for array traversal, binary search alternatives, and interview explanation practice.

Subscribe to Destination FAANG and keep practicing sorted-array patterns.

#LeetCode #Array #TwoPointers #CodingInterview #FAANG",Made the searchable problem name concise and elevated the sorted two pointer pattern.
la9blYTPy-s,https://www.youtube.com/watch?v=la9blYTPy-s,dsa,2022-02-13T00:19:55Z,Array interview problem Java || Search in Rotated Sorted Array | Blind 75: Leetcode 33 | 100% faster,100,Search In Rotated Sorted Array | LeetCode 33,44,"Search In Rotated Sorted Array is a binary search problem that tests how well you handle sorted halves.

This LeetCode 33 walkthrough explains how to identify the sorted side, choose the right half, and avoid common boundary mistakes. It is a high-value Blind 75 problem for FAANG/MAANG interview prep because it turns standard binary search into a more realistic coding challenge.

Subscribe to Destination FAANG and practice binary search variants.

#LeetCode #BinarySearch #Array #CodingInterview #FAANG",Centered the rotated binary search keyword instead of broad array phrasing.
_S1j-wXr-Ok,https://www.youtube.com/watch?v=_S1j-wXr-Ok,dsa,2022-02-12T04:43:57Z,Array interview problem | Java Code | Find Minimum in Rotated Sorted Array :- Bind 75 : Leetcode 153,100,Find Minimum In Rotated Sorted Array | LeetCode 153,51,"Find Minimum In Rotated Sorted Array is a clean binary search problem for understanding rotation.

In this LeetCode 153 walkthrough, learn how to compare mid and boundary values, decide which side contains the minimum, and reason about loop conditions. This is excellent FAANG/MAANG prep for anyone practicing binary search patterns beyond the basic template.

Subscribe to Destination FAANG and practice more rotated array problems.

#LeetCode #BinarySearch #Array #CodingInterview #FAANG",Fixed the title around the exact problem and binary search pattern.
Qnl36jRJrAI,https://www.youtube.com/watch?v=Qnl36jRJrAI,dsa,2022-02-11T10:47:35Z,Array interview problem | Java code || Maximum Product Subarray :- Blind 75 : Leetcode 152 | Optimal,100,Maximum Product Subarray | LeetCode 152,39,"Maximum Product Subarray is an array DP problem where negative numbers make the state interesting.

This LeetCode 152 walkthrough explains why you track both maximum and minimum products, how the solution handles sign changes, and how to reason about the optimal approach. It is strong FAANG/MAANG prep for dynamic programming, arrays, and edge cases.

Subscribe to Destination FAANG and practice explaining the min/max DP intuition.

#LeetCode #DynamicProgramming #Array #CodingInterview #FAANG",Added the crucial max/min DP insight while keeping the title concise.
KdSn0rpXYG4,https://www.youtube.com/watch?v=KdSn0rpXYG4,dsa,2022-02-10T13:24:36Z,Array interview problem and Java code: Maximum Subarray -: Blind 75:  Leetcode 53 || Sliding Window,99,Maximum Subarray | LeetCode 53 (Easy),37,"Maximum Subarray is the classic Kadane's Algorithm problem for array interview prep.

In this LeetCode 53 walkthrough, learn how to track the best subarray ending at each position, update the global maximum, and reason about the optimal linear-time solution. This is a foundational Blind 75 problem for FAANG/MAANG interviews and dynamic programming intuition.

Subscribe to Destination FAANG and practice Kadane's Algorithm until it clicks.

#LeetCode #Array #Kadane #CodingInterview #FAANG",Corrected the technique focus from sliding window to Kadane's Algorithm for better relevance.
Qot-kSpFqrU,https://www.youtube.com/watch?v=Qot-kSpFqrU,dsa,2022-02-09T01:44:37Z,Array interview problem and java code || Product of Array Except Self :- Blind 75:  Leetcode 238,96,Product Of Array Except Self | LeetCode 238,43,"Product Of Array Except Self is a must-know array problem built around prefix and suffix products.

This LeetCode 238 walkthrough explains how to compute each answer without division, combine left and right products, and reason about optimal time and space. It is essential FAANG/MAANG interview prep because it tests array traversal, constraints, and clean solution design.

Subscribe to Destination FAANG and practice prefix/suffix patterns.

#LeetCode #Array #PrefixSum #CodingInterview #FAANG","Added prefix/suffix products, the key search phrase for this problem."
hsui4vZWnfw,https://www.youtube.com/watch?v=hsui4vZWnfw,dsa,2022-02-07T18:44:50Z,Array interview problem and Java code || Contains Duplicate :- Blind 75:  Leetcode 217 || Hashset,97,Contains Duplicate | LeetCode 217 (Easy),40,"Contains Duplicate is a simple hash set problem that builds core array interview instincts.

In this LeetCode 217 walkthrough, learn how to detect repeated values, why a hash set gives an efficient solution, and how to explain time and space complexity clearly. This is a great starting point for Blind 75, DSA fundamentals, and FAANG/MAANG coding interview prep.

Subscribe to Destination FAANG and practice hash set patterns.

#LeetCode #Array #HashSet #CodingInterview #FAANG",Kept the title short and focused on the exact problem plus hash set technique.
DheSCv99sPU,https://www.youtube.com/watch?v=DheSCv99sPU,dsa,2022-02-06T23:29:42Z,Best time to buy and sell stock : Blind 75:  Leetcode 121 || Sliding Window || explanation and Java,99,Best Time To Buy And Sell Stock | LeetCode 121,46,"Best Time To Buy And Sell Stock is a classic array problem for learning one-pass profit tracking.

This LeetCode 121 walkthrough explains how to track the lowest price so far, update maximum profit, and understand the sliding-window style intuition behind the optimal solution. It is a foundational Blind 75 problem for FAANG/MAANG interview prep.

Subscribe to Destination FAANG and practice more array patterns.

#LeetCode #Array #SlidingWindow #CodingInterview #FAANG",Front-loaded the full problem name and preserved the sliding-window search angle.
dAPX6BxwHUU,https://www.youtube.com/watch?v=dAPX6BxwHUU,dsa,2022-02-03T05:30:07Z,Array interview problem and Java code || Two Sum - Blind 75:  Leetcode 1 || Sorting || java code,96,Two Sum | LeetCode 1 (Easy),27,"Two Sum is the starting point for many array and hash table interview patterns.

In this LeetCode 1 walkthrough, learn how to move from brute force to an efficient solution, use complements, and reason about time and space complexity. This is essential DSA prep for FAANG/MAANG interviews because the same hash map idea appears in many harder problems.

Subscribe to Destination FAANG and practice the hash table pattern until it is automatic.

#LeetCode #Array #HashTable #CodingInterview #FAANG",Made the title keyword-first and highlighted the hash table pattern users search for.
